wl_calc,spectrum_peak_nm_fit
1543.2276968281367,1542.9645660655626
1543.2281968281368,1542.9652886386625
1543.228696828137,1542.9660113168773
1543.229196828137,1542.966734099583
1543.229696828137,1542.9674569861568
1543.2301968281372,1542.968179975974
1543.2306968281373,1542.9689030684121
1543.2311968281374,1542.9696262628481
1543.2316968281375,1542.9703495586573
1543.2321968281376,1542.9710729552166
1543.2326968281377,1542.9717964519034
1543.2331968281378,1542.9725200480927
1543.233696828138,1542.9732437431624
1543.234196828138,1542.9739675364876
1543.234696828138,1542.9746914274463
1543.2351968281382,1542.9754154154139
1543.2356968281383,1542.9761394997677
1543.2361968281384,1542.9768636798835
1543.2366968281385,1542.9775879551382
1543.2371968281386,1542.9783123249083
1543.2376968281387,1542.9790367885703
1543.2381968281388,1542.9797613455005
1543.238696828139,1542.980485995076
1543.239196828139,1542.9812107366724
1543.2396968281391,1542.9819355696668
1543.2401968281392,1542.9826604934353
1543.2406968281393,1542.9833855073553
1543.2411968281394,1542.9841106108024
1543.2416968281395,1542.9848358031538
1543.2421968281396,1542.9855610837856
1543.2426968281397,1542.9862864520744
1543.2431968281398,1542.9870119073962
1543.24369682814,1542.9877374491284
1543.24419682814,1542.9884630766467
1543.2446968281401,1542.9891887893284
1543.2451968281403,1542.9899145865495
1543.2456968281404,1542.9906404676865
1543.2461968281405,1542.9913664321164
1543.2466968281406,1542.9920924792145
1543.2471968281407,1542.9928186083594
1543.2476968281408,1542.9935448189253
1543.2481968281409,1542.9942711102901
1543.248696828141,1542.9949974818303
1543.249196828141,1542.9957239329217
1543.2496968281412,1542.9964504629413
1543.2501968281413,1542.9971770712657
1543.2506968281414,1542.9979037572712
1543.2511968281415,1542.9986305203345
1543.2516968281416,1542.9993573598315
1543.2521968281417,1543.0000842751392
1543.2526968281418,1543.0008112656349
1543.2531968281419,1543.0015383306934
1543.253696828142,1543.002265469692
1543.254196828142,1543.002992682008
1543.2546968281422,1543.003719967017
1543.2551968281423,1543.0044473240953
1543.2556968281424,1543.0051747526202
1543.2561968281425,1543.0059022519679
1543.2566968281426,1543.0066298215147
1543.2571968281427,1543.0073574606372
1543.2576968281428,1543.0080851687123
1543.258196828143,1543.0088129451158
1543.258696828143,1543.009540789225
1543.259196828143,1543.0102687004155
1543.2596968281432,1543.0109966780649
1543.2601968281433,1543.0117247215485
1543.2606968281434,1543.0124528302438
1543.2611968281435,1543.013181003527
1543.2616968281436,1543.0139092407744
1543.2621968281437,1543.0146375413628
1543.2626968281438,1543.0153659046687
1543.263196828144,1543.0160943300682
1543.263696828144,1543.0168228169382
1543.2641968281441,1543.0175513646552
1543.2646968281442,1543.0182799725953
1543.2651968281443,1543.019008640136
1543.2656968281444,1543.0197373666529
1543.2661968281445,1543.0204661515224
1543.2666968281446,1543.021194994122
1543.2671968281447,1543.021923893827
1543.2676968281448,1543.0226528500145
1543.268196828145,1543.023381862061
1543.268696828145,1543.0241109293434
1543.2691968281451,1543.0248400512378
1543.2696968281452,1543.0255692271203
1543.2701968281453,1543.0262984563683
1543.2706968281454,1543.0270277383577
1543.2711968281455,1543.027757072465
1543.2716968281457,1543.0284864580665
1543.2721968281458,1543.0292158945401
1543.2726968281459,1543.0299453812606
1543.273196828146,1543.0306749176052
1543.273696828146,1543.0314045029509
1543.2741968281462,1543.0321341366728
1543.2746968281463,1543.032863818149
1543.2751968281464,1543.0335935467554
1543.2756968281465,1543.0343233218684
1543.2761968281466,1543.0350531428642
1543.2766968281467,1543.0357830091202
1543.2771968281468,1543.036512920012
1543.2776968281469,1543.0372428749172
1543.278196828147,1543.0379728732107
1543.278696828147,1543.03870291427
1543.2791968281472,1543.039432997472
1543.2796968281473,1543.0401631221923
1543.2801968281474,1543.0408932878086
1543.2806968281475,1543.0416234936959
1543.2811968281476,1543.0423537392317
1543.2816968281477,1543.0430840237923
1543.2821968281478,1543.0438143467538
1543.282696828148,1543.0445447074942
1543.283196828148,1543.045275105388
1543.283696828148,1543.046005539813
1543.2841968281482,1543.046736010145
1543.2846968281483,1543.047466515761
1543.2851968281484,1543.048197056038
1543.2856968281485,1543.0489276303508
1543.2861968281486,1543.0496582380772
1543.2866968281487,1543.050388878594
1543.2871968281488,1543.0511195512768
1543.287696828149,1543.0518502555026
1543.288196828149,1543.0525809906478
1543.288696828149,1543.0533117560892
1543.2891968281492,1543.0540425512027
1543.2896968281493,1543.0547733753654
1543.2901968281494,1543.0555042279534
1543.2906968281495,1543.0562351083433
1543.2911968281496,1543.0569660159122
1543.2916968281497,1543.0576969500353
1543.2921968281498,1543.0584279100904
1543.29269682815,1543.0591588954535
1543.29319682815,1543.0598899055008
1543.2936968281501,1543.0606209396094
1543.2941968281502,1543.0613519971555
1543.2946968281503,1543.0620830775158
1543.2951968281504,1543.0628141800664
1543.2956968281505,1543.0635453041843
1543.2961968281506,1543.0642764492452
1543.2966968281507,1543.065007614627
1543.2971968281508,1543.0657387997048
1543.297696828151,1543.0664700038565
1543.298196828151,1543.0672012264574
1543.2986968281512,1543.0679324668845
1543.2991968281513,1543.068663724514
1543.2996968281514,1543.0693949987226
1543.3001968281515,1543.0701262888872
1543.3006968281516,1543.0708575943838
1543.3011968281517,1543.0715889145893
1543.3016968281518,1543.0723202488798
1543.3021968281519,1543.073051596632
1543.302696828152,1543.0737829572229
1543.303196828152,1543.0745143300278
1543.3036968281522,1543.0752457144242
1543.3041968281523,1543.0759771097883
1543.3046968281524,1543.076708515497
1543.3051968281525,1543.0774399309264
1543.3056968281526,1543.078171355453
1543.3061968281527,1543.0789027884532
1543.3066968281528,1543.0796342293033
1543.3071968281529,1543.0803656773812
1543.307696828153,1543.081097132062
1543.308196828153,1543.0818285927226
1543.3086968281532,1543.0825600587395
1543.3091968281533,1543.0832915294893
1543.3096968281534,1543.0840230043484
1543.3101968281535,1543.0847544826938
1543.3106968281536,1543.0854859639012
1543.3111968281537,1543.086217447348
1543.3116968281538,1543.0869489324098
1543.312196828154,1543.087680418463
1543.312696828154,1543.0884119048856
1543.313196828154,1543.0891433910526
1543.3136968281542,1543.0898748763414
1543.3141968281543,1543.090606360128
1543.3146968281544,1543.091337841789
1543.3151968281545,1543.0920693207006
1543.3156968281546,1543.0928007962405
1543.3161968281547,1543.0935322677838
1543.3166968281548,1543.094263734708
1543.317196828155,1543.0949951963887
1543.317696828155,1543.0957266522037
1543.3181968281551,1543.0964581015282
1543.3186968281552,1543.0971895437394
1543.3191968281553,1543.0979209782142
1543.3196968281554,1543.0986524043276
1543.3201968281555,1543.0993838214572
1543.3206968281556,1543.10011522898
1543.3211968281557,1543.100846626272
1543.3216968281558,1543.101578012709
1543.322196828156,1543.1023093876686
1543.322696828156,1543.1030407505268
1543.3231968281561,1543.1037721006599
1543.3236968281562,1543.1045034374442
1543.3241968281563,1543.1052347602576
1543.3246968281564,1543.1059660684755
1543.3251968281565,1543.1066973614747
1543.3256968281567,1543.107428638631
1543.3261968281568,1543.108159899322
1543.3266968281569,1543.1088911429235
1543.327196828157,1543.1096223688126
1543.327696828157,1543.110353576365
1543.3281968281572,1543.1110847649577
1543.3286968281573,1543.1118159339678
1543.3291968281574,1543.1125470827706
1543.3296968281575,1543.1132782107431
1543.3301968281576,1543.1140093172621
1543.3306968281577,1543.114740401704
1543.3311968281578,1543.1154714634447
1543.3316968281579,1543.116202501862
1543.332196828158,1543.116933516331
1543.332696828158,1543.1176645062294
1543.3331968281582,1543.1183954709331
1543.3336968281583,1543.1191264098184
1543.3341968281584,1543.1198573222623
1543.3346968281585,1543.1205882076408
1543.3351968281586,1543.1213190653311
1543.3356968281587,1543.122049894709
1543.3361968281588,1543.1227806951515
1543.336696828159,1543.123511466035
1543.337196828159,1543.1242422067355
1543.337696828159,1543.1249729166307
1543.3381968281592,1543.1257035950955
1543.3386968281593,1543.1264342415082
1543.3391968281594,1543.1271648552436
1543.3396968281595,1543.1278954356794
1543.3401968281596,1543.1286259821918
1543.3406968281597,1543.129356494157
1543.3411968281598,1543.1300869709519
1543.34169682816,1543.1308174119529
1543.34219682816,1543.131547816536
1543.3426968281601,1543.1322781840786
1543.3431968281602,1543.1330085139566
1543.3436968281603,1543.1337388055467
1543.3441968281604,1543.134469058225
1543.3446968281605,1543.1351992713692
1543.3451968281606,1543.1359294443544
1543.3456968281607,1543.136659576558
1543.3461968281608,1543.1373896673565
1543.346696828161,1543.1381197161263
1543.347196828161,1543.1388497222429
1543.3476968281611,1543.1395796850845
1543.3481968281612,1543.140309604026
1543.3486968281613,1543.1410394784455
1543.3491968281614,1543.1417693077176
1543.3496968281615,1543.1424990912208
1543.3501968281616,1543.1432288283304
1543.3506968281617,1543.1439585184235
1543.3511968281618,1543.1446881608763
1543.351696828162,1543.145417755065
1543.352196828162,1543.146147300367
1543.3526968281622,1543.1468767961576
1543.3531968281623,1543.1476062418144
1543.3536968281624,1543.1483356367135
1543.3541968281625,1543.1490649802313
1543.3546968281626,1543.1497942717444
1543.3551968281627,1543.15052351063
1543.3556968281628,1543.151252696263
1543.3561968281629,1543.1519818280212
1543.356696828163,1543.1527109052809
1543.357196828163,1543.153439927418
1543.3576968281632,1543.1541688938098
1543.3581968281633,1543.1548978038322
1543.3586968281634,1543.1556266568623
1543.3591968281635,1543.1563554522768
1543.3596968281636,1543.157084189451
1543.3601968281637,1543.1578128677625
1543.3606968281638,1543.1585414865874
1543.3611968281639,1543.159270045302
1543.361696828164,1543.159998543283
1543.362196828164,1543.1607269799074
1543.3626968281642,1543.1614553545512
1543.3631968281643,1543.1621836665906
1543.3636968281644,1543.1629119154027
1543.3641968281645,1543.1636401003643
1543.3646968281646,1543.1643682208505
1543.3651968281647,1543.1650962762394
1543.3656968281648,1543.165824265907
1543.366196828165,1543.1665521892292
1543.366696828165,1543.1672800455833
1543.367196828165,1543.1680078343452
1543.3676968281652,1543.1687355548918
1543.3681968281653,1543.1694632065996
1543.3686968281654,1543.1701907888444
1543.3691968281655,1543.1709183010043
1543.3696968281656,1543.1716457424543
1543.3701968281657,1543.1723731125714
1543.3706968281658,1543.173100410732
1543.371196828166,1543.1738276363133
1543.371696828166,1543.1745547886908
1543.3721968281661,1543.175281867242
1543.3726968281662,1543.1760088713424
1543.3731968281663,1543.176735800369
1543.3736968281664,1543.1774626536987
1543.3741968281665,1543.1781894307078
1543.3746968281666,1543.1789161307718
1543.3751968281667,1543.1796427532688
1543.3756968281668,1543.1803692975739
1543.376196828167,1543.1810957630648
1543.376696828167,1543.1818221491174
1543.3771968281671,1543.1825484551084
1543.3776968281672,1543.183274680414
1543.3781968281673,1543.184000824411
1543.3786968281674,1543.1847268864758
1543.3791968281676,1543.1854528659846
1543.3796968281677,1543.1861787623143
1543.3801968281678,1543.1869045748415
1543.3806968281679,1543.1876303029428
1543.381196828168,1543.1883559459945
1543.381696828168,1543.189081503373
1543.3821968281682,1543.189806974454
1543.3826968281683,1543.1905323586166
1543.3831968281684,1543.1912576552345
1543.3836968281685,1543.1919828636853
1543.3841968281686,1543.192707983346
1543.3846968281687,1543.1934330135925
1543.3851968281688,1543.194157953801
1543.3856968281689,1543.1948828033487
1543.386196828169,1543.1956075616122
1543.386696828169,1543.1963322279673
1543.3871968281692,1543.1970568017914
1543.3876968281693,1543.1977812824603
1543.3881968281694,1543.1985056693507
1543.3886968281695,1543.1992299618391
1543.3891968281696,1543.199954159302
1543.3896968281697,1543.2006782611156
1543.3901968281698,1543.2014022666574
1543.39069682817,1543.202126175303
1543.39119682817,1543.202849986429
1543.39169682817,1543.2035736994121
1543.3921968281702,1543.204297313629
1543.3926968281703,1543.2050208284563
1543.3931968281704,1543.2057442432847
1543.3936968281705,1543.2064675577615
1543.3941968281706,1543.2071907717475
1543.3946968281707,1543.207913885112
1543.3951968281708,1543.2086368977225
1543.395696828171,1543.2093598094482
1543.396196828171,1543.2100826201565
1543.3966968281711,1543.2108053297163
1543.3971968281712,1543.2115279379962
1543.3976968281713,1543.2122504448641
1543.3981968281714,1543.2129728501884
1543.3986968281715,1543.2136951538375
1543.3991968281716,1543.21441735568
1543.3996968281717,1543.2151394555838
1543.4001968281718,1543.2158614534173
1543.400696828172,1543.2165833490492
1543.401196828172,1543.2173051423476
1543.4016968281721,1543.2180268331808
1543.4021968281722,1543.2187484214176
1543.4026968281723,1543.2194699069255
1543.4031968281724,1543.2201912895734
1543.4036968281725,1543.2209125692302
1543.4041968281726,1543.2216337457633
1543.4046968281727,1543.2223548190407
1543.4051968281728,1543.2230757889324
1543.405696828173,1543.223796655305
1543.406196828173,1543.2245174180275
1543.4066968281732,1543.225238076969
1543.4071968281733,1543.2259586319967
1543.4076968281734,1543.22667908298
1543.4081968281735,1543.227399429786
1543.4086968281736,1543.2281196722843
1543.4091968281737,1543.2288398103422
1543.4096968281738,1543.2295598438286
1543.4101968281739,1543.230279772612
1543.410696828174,1543.2309995965602
1543.411196828174,1543.2317193155423
1543.4116968281742,1543.2324389294256
1543.4121968281743,1543.2331584380793
1543.4126968281744,1543.2338778413716
1543.4131968281745,1543.2345971391703
1543.4136968281746,1543.2353163313448
1543.4141968281747,1543.2360354177627
1543.4146968281748,1543.236754398292
1543.4151968281749,1543.237473272802
1543.415696828175,1543.2381920411606
1543.416196828175,1543.2389107032354
1543.4166968281752,1543.2396292588965
1543.4171968281753,1543.2403477080102
1543.4176968281754,1543.2410660504463
1543.4181968281755,1543.2417842860725
1543.4186968281756,1543.2425024147578
1543.4191968281757,1543.24322043637
1543.4196968281758,1543.243938350777
1543.420196828176,1543.2446561578479
1543.420696828176,1543.2453738574504
1543.421196828176,1543.2460914494543
1543.4216968281762,1543.2468089337265
1543.4221968281763,1543.2475263101355
1543.4226968281764,1543.2482435785496
1543.4231968281765,1543.2489607388377
1543.4236968281766,1543.249677790868
1543.4241968281767,1543.250394734509
1543.4246968281768,1543.2511115696284
1543.425196828177,1543.251828296095
1543.425696828177,1543.2525449137768
1543.4261968281771,1543.253261422543
1543.4266968281772,1543.2539778222613
1543.4271968281773,1543.2546941127994
1543.4276968281774,1543.2554102940267
1543.4281968281775,1543.2561263658115
1543.4286968281776,1543.2568423280218
1543.4291968281777,1543.2575581805258
1543.4296968281778,1543.2582739231918
1543.430196828178,1543.2589895558885
1543.430696828178,1543.259705078484
1543.4311968281781,1543.2604204908473
1543.4316968281782,1543.261135792846
1543.4321968281783,1543.2618509843485
1543.4326968281785,1543.2625660652232
1543.4331968281786,1543.263281035339
1543.4336968281787,1543.2639958945635
1543.4341968281788,1543.264710642765
1543.4346968281789,1543.2654252798127
1543.435196828179,1543.2661398055743
1543.435696828179,1543.266854219918
1543.4361968281792,1543.2675685227127
1543.4366968281793,1543.2682827138267
1543.4371968281794,1543.2689967931274
1543.4376968281795,1543.2697107604845
1543.4381968281796,1543.2704246157653
1543.4386968281797,1543.2711383588387
1543.4391968281798,1543.2718519895727
1543.4396968281799,1543.2725655078364
1543.44019682818,1543.2732789134973
1543.44069682818,1543.2739922064238
1543.4411968281802,1543.2747053864844
1543.4416968281803,1543.275418453548
1543.4421968281804,1543.276131407482
1543.4426968281805,1543.2768442481552
1543.4431968281806,1543.2775569754363
1543.4436968281807,1543.278269589193
1543.4441968281808,1543.2789820892942
1543.444696828181,1543.2796944756076
1543.445196828181,1543.2804067480022
1543.445696828181,1543.2811189063466
1543.4461968281812,1543.2818309505078
1543.4466968281813,1543.282542880355
1543.4471968281814,1543.2832546957568
1543.4476968281815,1543.2839663965817
1543.4481968281816,1543.2846779826968
1543.4486968281817,1543.285389453972
1543.4491968281818,1543.286100810274
1543.449696828182,1543.286812051473
1543.450196828182,1543.2875231774358
1543.4506968281821,1543.2882341880315
1543.4511968281822,1543.288945083128
1543.4516968281823,1543.2896558625944
1543.4521968281824,1543.2903665262982
1543.4526968281825,1543.2910770741084
1543.4531968281826,1543.291787505893
1543.4536968281827,1543.2924978215203
1543.4541968281828,1543.2932080208584
1543.454696828183,1543.2939181037766
1543.455196828183,1543.2946280701424
1543.4556968281831,1543.2953379198243
1543.4561968281832,1543.2960476526907
1543.4566968281833,1543.29675726861
1543.4571968281834,1543.2974667674507
1543.4576968281835,1543.298176149081
1543.4581968281836,1543.2988854133691
1543.4586968281837,1543.2995945601836
1543.4591968281838,1543.3003035893928
1543.459696828184,1543.3010125008643
1543.460196828184,1543.301721294468
1543.4606968281842,1543.3024299700708
1543.4611968281843,1543.3031385275413
1543.4616968281844,1543.3038469667483
1543.4621968281845,1543.3045552875603
1543.4626968281846,1543.3052634898454
1543.4631968281847,1543.3059715734714
1543.4636968281848,1543.3066795383074
1543.4641968281849,1543.3073873842213
1543.464696828185,1543.3080951110821
1543.465196828185,1543.308802718757
1543.4656968281852,1543.3095102071154
1543.4661968281853,1543.310217576025
1543.4666968281854,1543.3109248253543
1543.4671968281855,1543.311631954972
1543.4676968281856,1543.3123389647462
1543.4681968281857,1543.3130458545454
1543.4686968281858,1543.3137526242372
1543.4691968281859,1543.3144592736908
1543.469696828186,1543.3151658027741
1543.470196828186,1543.3158722113556
1543.4706968281862,1543.316578499304
1543.4711968281863,1543.317284666487
1543.4716968281864,1543.3179907127733
1543.4721968281865,1543.318696638031
1543.4726968281866,1543.319402442129
1543.4731968281867,1543.3201081249351
1543.4736968281868,1543.3208136863175
1543.474196828187,1543.3215191261454
1543.474696828187,1543.3222244442866
1543.475196828187,1543.322929640609
1543.4756968281872,1543.323634714982
1543.4761968281873,1543.3243396672726
1543.4766968281874,1543.3250444973505
1543.4771968281875,1543.3257492050832
1543.4776968281876,1543.3264537903394
1543.4781968281877,1543.3271582529874
1543.4786968281878,1543.327862592895
1543.479196828188,1543.3285668099315
1543.479696828188,1543.3292709039647
1543.4801968281881,1543.3299748748625
1543.4806968281882,1543.3306787224944
1543.4811968281883,1543.3313824467277
1543.4816968281884,1543.3320860474312
1543.4821968281885,1543.3327895244731
1543.4826968281886,1543.3334928777224
1543.4831968281887,1543.3341961070469
1543.4836968281888,1543.3348992123142
1543.484196828189,1543.3356021933937
1543.484696828189,1543.3363050501534
1543.4851968281891,1543.3370077824616
1543.4856968281892,1543.337710390187
1543.4861968281893,1543.3384128731973
1543.4866968281895,1543.3391152313613
1543.4871968281896,1543.3398174645474
1543.4876968281897,1543.3405195726236
1543.4881968281898,1543.341221555459
1543.4886968281899,1543.34192341292
1543.48919682819,1543.3426251448775
1543.48969682819,1543.3433267511987
1543.4901968281902,1543.3440282317517
1543.4906968281903,1543.3447295864048
1543.4911968281904,1543.345430815027
1543.4916968281905,1543.3461319174862
1543.4921968281906,1543.3468328936503
1543.4926968281907,1543.3475337433886
1543.4931968281908,1543.3482344665683
1543.4936968281909,1543.3489350630593
1543.494196828191,1543.3496355327293
1543.494696828191,1543.3503358754454
1543.4951968281912,1543.3510360910775
1543.4956968281913,1543.3517361794939
1543.4961968281914,1543.3524361405616
1543.4966968281915,1543.3531359741503
1543.4971968281916,1543.3538356801273
1543.4976968281917,1543.3545352583624
1543.4981968281918,1543.355234708722
1543.498696828192,1543.355934031076
1543.499196828192,1543.3566332252924
1543.499696828192,1543.3573322912396
1543.5001968281922,1543.358031228785
1543.5006968281923,1543.358730037798
1543.5011968281924,1543.359428718147
1543.5016968281925,1543.3601272696994
1543.5021968281926,1543.3608256923244
1543.5026968281927,1543.36152398589
1543.5031968281928,1543.3622221502644
1543.503696828193,1543.3629201853164
1543.504196828193,1543.363618090914
1543.5046968281931,1543.364315866926
1543.5051968281932,1543.3650135132198
1543.5056968281933,1543.3657110296645
1543.5061968281934,1543.366408416128
1543.5066968281935,1543.3671056724793
1543.5071968281936,1543.3678027985868
1543.5076968281937,1543.3684997943174
1543.5081968281938,1543.3691966595409
1543.508696828194,1543.3698933941253
1543.509196828194,1543.3705899979386
1543.5096968281941,1543.3712864708493
1543.5101968281942,1543.3719828127264
1543.5106968281943,1543.372679023437
1543.5111968281944,1543.3733751028506
1543.5116968281945,1543.3740710508353
1543.5121968281946,1543.3747668672586
1543.5126968281947,1543.3754625519894
1543.5131968281949,1543.3761581048966
1543.513696828195,1543.376853525848
1543.514196828195,1543.3775488147123
1543.5146968281952,1543.3782439713568
1543.5151968281953,1543.3789389956507
1543.5156968281954,1543.3796338874622
1543.5161968281955,1543.3803286466602
1543.5166968281956,1543.3810232731119
1543.5171968281957,1543.3817177666867
1543.5176968281958,1543.3824121272526
1543.5181968281959,1543.3831063546772
1543.518696828196,1543.3838004488302
1543.519196828196,1543.3844944095788
1543.5196968281962,1543.385188236792
1543.5201968281963,1543.385881930338
1543.5206968281964,1543.3865754900849
1543.5211968281965,1543.3872689159016
1543.5216968281966,1543.3879622076558
1543.5221968281967,1543.3886553652158
1543.5226968281968,1543.3893483884506
1543.523196828197,1543.3900412772282
1543.523696828197,1543.390734031417
1543.524196828197,1543.3914266508853
1543.5246968281972,1543.3921191355016
1543.5251968281973,1543.3928114851333
1543.5256968281974,1543.39350369965
1543.5261968281975,1543.3941957789202
1543.5266968281976,1543.394887722811
1543.5271968281977,1543.3955795311917
1543.5276968281978,1543.39627120393
1543.528196828198,1543.3969627408944
1543.528696828198,1543.3976541419538
1543.529196828198,1543.3983454069762
1543.5296968281982,1543.3990365358297
1543.5301968281983,1543.3997275283828
1543.5306968281984,1543.4004183845043
1543.5311968281985,1543.4011091040616
1543.5316968281986,1543.4017996869236
1543.5321968281987,1543.4024901329592
1543.5326968281988,1543.4031804420358
1543.533196828199,1543.4038706140218
1543.533696828199,1543.4045606487862
1543.5341968281991,1543.405250546197
1543.5346968281992,1543.4059403061228
1543.5351968281993,1543.4066299284314
1543.5356968281994,1543.4073194129915
1543.5361968281995,1543.4080087596715
1543.5366968281996,1543.4086979683393
1543.5371968281997,1543.4093870388638
1543.5376968281998,1543.4100759711127
1543.5381968282,1543.4107647649557
1543.5386968282,1543.4114534202592
1543.5391968282001,1543.412141936893
1543.5396968282002,1543.4128303147256
1543.5401968282004,1543.4135185536238
1543.5406968282005,1543.4142066534575
1543.5411968282006,1543.414894614094
1543.5416968282007,1543.4155824354027
1543.5421968282008,1543.4162701172509
1543.5426968282009,1543.4169576595073
1543.543196828201,1543.4176450620405
1543.543696828201,1543.418332324719
1543.5441968282012,1543.4190194474102
1543.5446968282013,1543.4197064299829
1543.5451968282014,1543.4203932723065
1543.5456968282015,1543.421079974248
1543.5461968282016,1543.421766535676
1543.5466968282017,1543.4224529564594
1543.5471968282018,1543.4231392364659
1543.5476968282019,1543.423825375564
1543.548196828202,1543.4245113736226
1543.548696828202,1543.4251972305099
1543.5491968282022,1543.4258829460932
1543.5496968282023,1543.426568520242
1543.5501968282024,1543.4272539528242
1543.5506968282025,1543.427939243708
1543.5511968282026,1543.4286243927622
1543.5516968282027,1543.4293093998547
1543.5521968282028,1543.4299942648543
1543.552696828203,1543.430678987629
1543.553196828203,1543.4313635680473
1543.553696828203,1543.4320480059775
1543.5541968282032,1543.4327323012876
1543.5546968282033,1543.4334164538463
1543.5551968282034,1543.4341004635216
1543.5556968282035,1543.4347843301834
1543.5561968282036,1543.435468053698
1543.5566968282037,1543.4361516339343
1543.5571968282038,1543.4368350707612
1543.557696828204,1543.437518364047
1543.558196828204,1543.4382015136596
1543.5586968282041,1543.4388845194674
1543.5591968282042,1543.439567381339
1543.5596968282043,1543.4402500991423
1543.5601968282044,1543.4409326727462
1543.5606968282045,1543.4416151020187
1543.5611968282046,1543.4422973868286
1543.5616968282047,1543.4429795270435
1543.5621968282048,1543.4436615225325
1543.562696828205,1543.444343373163
1543.563196828205,1543.4450250788047
1543.5636968282051,1543.4457066393252
1543.5641968282052,1543.446388054592
1543.5646968282053,1543.4470693244746
1543.5651968282054,1543.4477504488411
1543.5656968282055,1543.44843142756
1543.5661968282056,1543.449112260499
1543.5666968282057,1543.4497929475276
1543.5671968282059,1543.4504734885127
1543.567696828206,1543.4511538833235
1543.568196828206,1543.451834131828
1543.5686968282062,1543.4525142338953
1543.5691968282063,1543.4531941893927
1543.5696968282064,1543.4538739981892
1543.5701968282065,1543.4545536601531
1543.5706968282066,1543.4552331751527
1543.5711968282067,1543.4559125430558
1543.5716968282068,1543.4565917637315
1543.5721968282069,1543.4572708370479
1543.572696828207,1543.4579497628729
1543.573196828207,1543.4586285410758
1543.5736968282072,1543.459307171524
1543.5741968282073,1543.4599856540865
1543.5746968282074,1543.460663988631
1543.5751968282075,1543.4613421750269
1543.5756968282076,1543.4620202131412
1543.5761968282077,1543.462698102843
1543.5766968282078,1543.4633758440011
1543.577196828208,1543.464053436483
1543.577696828208,1543.4647308801573
1543.578196828208,1543.4654081748922
1543.5786968282082,1543.4660853205564
1543.5791968282083,1543.4667623170183
1543.5796968282084,1543.4674391641458
1543.5801968282085,1543.4681158618075
1543.5806968282086,1543.4687924098719
1543.5811968282087,1543.469468808207
1543.5816968282088,1543.4701450566813
1543.582196828209,1543.4708211551635
1543.582696828209,1543.4714971035212
1543.583196828209,1543.4721729016233
1543.5836968282092,1543.4728485493376
1543.5841968282093,1543.4735240465336
1543.5846968282094,1543.4741993930786
1543.5851968282095,1543.474874588841
1543.5856968282096,1543.4755496336898
1543.5861968282097,1543.4762245274921
1543.5866968282098,1543.4768992701179
1543.58719682821,1543.4775738614342
1543.58769682821,1543.4782483013105
1543.5881968282101,1543.4789225896138
1543.5886968282102,1543.4795967262137
1543.5891968282103,1543.480270710978
1543.5896968282104,1543.4809445437745
1543.5901968282105,1543.4816182244726
1543.5906968282106,1543.48229175294
1543.5911968282107,1543.482965129045
1543.5916968282108,1543.4836383526563
1543.592196828211,1543.4843114236423
1543.592696828211,1543.4849843418708
1543.5931968282111,1543.48565710721
1543.5936968282113,1543.4863297195295
1543.5941968282114,1543.4870021786967
1543.5946968282115,1543.4876744845794
1543.5951968282116,1543.4883466370475
1543.5956968282117,1543.4890186359678
1543.5961968282118,1543.4896904812101
1543.5966968282119,1543.4903621726414
1543.597196828212,1543.4910337101308
1543.597696828212,1543.4917050935467
1543.5981968282122,1543.4923763227566
1543.5986968282123,1543.49304739763
1543.5991968282124,1543.4937183180346
1543.5996968282125,1543.4943890838385
1543.6001968282126,1543.4950596949107
1543.6006968282127,1543.4957301511192
1543.6011968282128,1543.4964004523329
1543.6016968282129,1543.497070598419
1543.602196828213,1543.4977405892466
1543.602696828213,1543.4984104246842
1543.6031968282132,1543.4990801045994
1543.6036968282133,1543.499749628861
1543.6041968282134,1543.5004189973379
1543.6046968282135,1543.5010882098975
1543.6051968282136,1543.5017572664087
1543.6056968282137,1543.5024261667395
1543.6061968282138,1543.5030949107586
1543.606696828214,1543.503763498334
1543.607196828214,1543.5044319293347
1543.607696828214,1543.505100203628
1543.6081968282142,1543.505768321083
1543.6086968282143,1543.5064362815679
1543.6091968282144,1543.5071040849512
1543.6096968282145,1543.5077717311008
1543.6101968282146,1543.5084392198858
1543.6106968282147,1543.5091065511733
1543.6111968282148,1543.5097737248327
1543.611696828215,1543.5104407407323
1543.612196828215,1543.51110759874
1543.6126968282151,1543.5117742987243
1543.6131968282152,1543.5124408405534
1543.6136968282153,1543.5131072240963
1543.6141968282154,1543.5137734492207
1543.6146968282155,1543.5144395157947
1543.6151968282156,1543.5151054236871
1543.6156968282157,1543.5157711727663
1543.6161968282158,1543.516436762901
1543.616696828216,1543.5171021939589
1543.617196828216,1543.5177674658084
1543.6176968282161,1543.518432578318
1543.6181968282162,1543.519097531356
1543.6186968282163,1543.519762324791
1543.6191968282164,1543.5204269584908
1543.6196968282165,1543.5210914323243
1543.6201968282166,1543.5217557461592
1543.6206968282168,1543.5224198998646
1543.6211968282169,1543.5230838933087
1543.621696828217,1543.5237477263593
1543.622196828217,1543.5244113988854
1543.6226968282172,1543.5250749107543
1543.6231968282173,1543.5257382618356
1543.6236968282174,1543.5264014519971
1543.6241968282175,1543.5270644811071
1543.6246968282176,1543.5277273490342
1543.6251968282177,1543.5283900556467
1543.6256968282178,1543.5290526008127
1543.6261968282179,1543.5297149844005
1543.626696828218,1543.5303772062784
1543.627196828218,1543.531039266316
1543.6276968282182,1543.531701164379
1543.6281968282183,1543.5323629003385
1543.6286968282184,1543.5330244740612
1543.6291968282185,1543.533685885416
1543.6296968282186,1543.5343471342712
1543.6301968282187,1543.5350082204948
1543.6306968282188,1543.535669143956
1543.631196828219,1543.536329904522
1543.631696828219,1543.5369905020625
1543.632196828219,1543.5376509364442
1543.6326968282192,1543.5383112075374
1543.6331968282193,1543.5389713152085
1543.6336968282194,1543.5396312593273
1543.6341968282195,1543.5402910397615
1543.6346968282196,1543.540950656379
1543.6351968282197,1543.5416101090493
1543.6356968282198,1543.5422693976398
1543.63619682822,1543.5429285220196
1543.63669682822,1543.5435874820562
1543.63719682822,1543.5442462776182
1543.6376968282202,1543.5449049085744
1543.6381968282203,1543.5455633747927
1543.6386968282204,1543.5462216761416
1543.6391968282205,1543.5468798124896
1543.6396968282206,1543.547537783705
1543.6401968282207,1543.5481955896555
1543.6406968282208,1543.5488532302102
1543.641196828221,1543.5495107052373
1543.641696828221,1543.5501680146049
1543.6421968282211,1543.5508251581819
1543.6426968282212,1543.551482135836
1543.6431968282213,1543.5521389474352
1543.6436968282214,1543.5527955928494
1543.6441968282215,1543.5534520719455
1543.6446968282216,1543.5541083845926
1543.6451968282217,1543.5547645306583
1543.6456968282218,1543.5554205100116
1543.646196828222,1543.556076322521
1543.646696828222,1543.5567319680545
1543.6471968282221,1543.55738744648
1543.6476968282223,1543.5580427576667
1543.6481968282224,1543.5586979014824
1543.6486968282225,1543.5593528777954
1543.6491968282226,1543.5600076864748
1543.6496968282227,1543.560662327388
1543.6501968282228,1543.5613168004036
1543.6506968282229,1543.56197110539
1543.651196828223,1543.5626252422164
1543.651696828223,1543.5632792107497
1543.6521968282232,1543.5639330108588
1543.6526968282233,1543.5645866424127
1543.6531968282234,1543.5652401052787
1543.6536968282235,1543.5658933993263
1543.6541968282236,1543.5665465244224
1543.6546968282237,1543.5671994804368
1543.6551968282238,1543.5678522672365
1543.6556968282239,1543.5685048846908
1543.656196828224,1543.569157332668
1543.656696828224,1543.5698096110361
1543.6571968282242,1543.5704617196636
1543.6576968282243,1543.5711136584189
1543.6581968282244,1543.5717654271702
1543.6586968282245,1543.5724170257859
1543.6591968282246,1543.5730684541343
1543.6596968282247,1543.5737197120836
1543.6601968282248,1543.5743707995027
1543.660696828225,1543.5750217162592
1543.661196828225,1543.5756724622217
1543.661696828225,1543.5763230372593
1543.6621968282252,1543.5769734412397
1543.6626968282253,1543.5776236740312
1543.6631968282254,1543.5782737355016
1543.6636968282255,1543.5789236255205
1543.6641968282256,1543.5795733439552
1543.6646968282257,1543.5802228906743
1543.6651968282258,1543.580872265547
1543.665696828226,1543.5815214684405
1543.666196828226,1543.5821704992236
1543.6666968282261,1543.5828193577645
1543.6671968282262,1543.5834680439316
1543.6676968282263,1543.584116557594
1543.6681968282264,1543.5847648986187
1543.6686968282265,1543.5854130668747
1543.6691968282266,1543.5860610622308
1543.6696968282267,1543.5867088845548
1543.6701968282268,1543.5873565337145
1543.670696828227,1543.58800400958
1543.671196828227,1543.5886513120176
1543.6716968282271,1543.589298440897
1543.6721968282272,1543.589945396086
1543.6726968282273,1543.590592177453
1543.6731968282274,1543.5912387848666
1543.6736968282275,1543.5918852181946
1543.6741968282277,1543.592531477306
1543.6746968282278,1543.593177562069
1543.6751968282279,1543.593823472352
1543.675696828228,1543.5944692080227
1543.676196828228,1543.5951147689498
1543.6766968282282,1543.5957601550026
1543.6771968282283,1543.5964053660473
1543.6776968282284,1543.5970504019542
1543.6781968282285,1543.597695262591
1543.6786968282286,1543.5983399478262
1543.6791968282287,1543.5989844575276
1543.6796968282288,1543.5996287915636
1543.6801968282289,1543.6002729498034
1543.680696828229,1543.6009169321144
1543.681196828229,1543.6015607383656
1543.6816968282292,1543.602204368425
1543.6821968282293,1543.6028478221613
1543.6826968282294,1543.6034910994422
1543.6831968282295,1543.6041342001367
1543.6836968282296,1543.6047771241126
1543.6841968282297,1543.6054198712388
1543.6846968282298,1543.606062441383
1543.68519682823,1543.6067048344144
1543.68569682823,1543.6073470502008
1543.68619682823,1543.6079890886108
1543.6866968282302,1543.6086309495117
1543.6871968282303,1543.6092726327734
1543.6876968282304,1543.609914138263
1543.6881968282305,1543.6105554658498
1543.6886968282306,1543.6111966154015
1543.6891968282307,1543.6118375867866
1543.6896968282308,1543.612478379874
1543.690196828231,1543.6131189945313
1543.690696828231,1543.613759430627
1543.691196828231,1543.6143996880292
1543.6916968282312,1543.6150397666074
1543.6921968282313,1543.6156796662285
1543.6926968282314,1543.616319386762
1543.6931968282315,1543.616958928075
1543.6936968282316,1543.617598290037
1543.6941968282317,1543.6182374725163
1543.6946968282318,1543.6188764753801
1543.695196828232,1543.6195152984978
1543.695696828232,1543.620153941738
1543.6961968282321,1543.6207924049675
1543.6966968282322,1543.6214306880565
1543.6971968282323,1543.6220687908726
1543.6976968282324,1543.6227067132834
1543.6981968282325,1543.6233444551583
1543.6986968282326,1543.623982016365
1543.6991968282327,1543.624619396772
1543.6996968282328,1543.6252565962482
1543.700196828233,1543.6258936146608
1543.700696828233,1543.6265304518795
1543.7011968282332,1543.627167107771
1543.7016968282333,1543.6278035822054
1543.7021968282334,1543.62843987505
1543.7026968282335,1543.629075986174
1543.7031968282336,1543.6297119154442
1543.7036968282337,1543.6303476627304
1543.7041968282338,1543.6309832279005
1543.7046968282339,1543.6316186108222
1543.705196828234,1543.632253811365
1543.705696828234,1543.6328888293963
1543.7061968282342,1543.6335236647851
1543.7066968282343,1543.6341583173992
1543.7071968282344,1543.6347927871075
1543.7076968282345,1543.635427073778
1543.7081968282346,1543.6360611772793
1543.7086968282347,1543.6366950974787
1543.7091968282348,1543.637328834246
1543.7096968282349,1543.6379623874486
1543.710196828235,1543.638595756956
1543.710696828235,1543.6392289426346
1543.7111968282352,1543.6398619443544
1543.7116968282353,1543.6404947619833
1543.7121968282354,1543.6411273953893
1543.7126968282355,1543.6417598444411
1543.7131968282356,1543.642392109007
1543.7136968282357,1543.6430241889557
1543.7141968282358,1543.6436560841546
1543.714696828236,1543.6442877944726
1543.715196828236,1543.6449193197782
1543.715696828236,1543.6455506599398
1543.7161968282362,1543.646181814825
1543.7166968282363,1543.646812784303
1543.7171968282364,1543.6474435682414
1543.7176968282365,1543.648074166509
1543.7181968282366,1543.6487045789745
1543.7186968282367,1543.649334805506
1543.7191968282368,1543.6499648459715
1543.719696828237,1543.6505947002395
1543.720196828237,1543.6512243681782
1543.7206968282371,1543.6518538496562
1543.7211968282372,1543.652483144542
1543.7216968282373,1543.653112252703
1543.7221968282374,1543.6537411740087
1543.7226968282375,1543.6543699083275
1543.7231968282376,1543.6549984555272
1543.7236968282377,1543.6556268154754
1543.7241968282378,1543.6562549880414
1543.724696828238,1543.6568829730938
1543.725196828238,1543.6575107705005
1543.7256968282381,1543.6581383801297
1543.7261968282382,1543.65876580185
1543.7266968282383,1543.6593930355298
1543.7271968282384,1543.660020081037
1543.7276968282385,1543.6606469382407
1543.7281968282387,1543.6612736070088
1543.7286968282388,1543.6619000872095
1543.7291968282389,1543.662526378711
1543.729696828239,1543.6631524813824
1543.730196828239,1543.6637783950912
1543.7306968282392,1543.664404119706
1543.7311968282393,1543.6650296550959
1543.7316968282394,1543.665655001128
1543.7321968282395,1543.6662801576717
1543.7326968282396,1543.6669051245947
1543.7331968282397,1543.6675299017656
1543.7336968282398,1543.6681544890528
1543.7341968282399,1543.6687788863246
1543.73469682824,1543.669403093449
1543.73519682824,1543.670027110295
1543.7356968282402,1543.6706509367305
1543.7361968282403,1543.6712745726236
1543.7366968282404,1543.6718980178437
1543.7371968282405,1543.6725212722579
1543.7376968282406,1543.6731443357346
1543.7381968282407,1543.6737672081435
1543.7386968282408,1543.674389889352
1543.739196828241,1543.6750123792278
1543.739696828241,1543.6756346776406
1543.740196828241,1543.6762567844576
1543.7406968282412,1543.676878699548
1543.7411968282413,1543.6775004227802
1543.7416968282414,1543.678121954021
1543.7421968282415,1543.6787432931403
1543.7426968282416,1543.6793644400066
1543.7431968282417,1543.6799853944874
1543.7436968282418,1543.680606156451
1543.744196828242,1543.681226725766
1543.744696828242,1543.6818471023012
1543.7451968282421,1543.6824672859248
1543.7456968282422,1543.6830872765045
1543.7461968282423,1543.6837070739089
1543.7466968282424,1543.6843266780063
1543.7471968282425,1543.6849460886658
1543.7476968282426,1543.6855653057546
1543.7481968282427,1543.686184329142
1543.7486968282428,1543.6868031586962
1543.749196828243,1543.687421794285
1543.749696828243,1543.688040235777
1543.7501968282431,1543.6886584830406
1543.7506968282432,1543.6892765359441
1543.7511968282433,1543.689894394356
1543.7516968282434,1543.6905120581448
1543.7521968282435,1543.6911295271784
1543.7526968282436,1543.6917468013255
1543.7531968282437,1543.6923638804537
1543.7536968282438,1543.6929807644321
1543.754196828244,1543.6935974531295
1543.754696828244,1543.6942139464131
1543.7551968282442,1543.6948302441517
1543.7556968282443,1543.6954463462137
1543.7561968282444,1543.6960622524678
1543.7566968282445,1543.6966779627817
1543.7571968282446,1543.6972934770235
1543.7576968282447,1543.6979087950635
1543.7581968282448,1543.6985239167677
1543.7586968282449,1543.6991388420051
1543.759196828245,1543.6997535706448
1543.759696828245,1543.7003681025544
1543.7601968282452,1543.7009824376028
1543.7606968282453,1543.7015965756577
1543.7611968282454,1543.7022105165884
1543.7616968282455,1543.7028242602623
1543.7621968282456,1543.7034378065491
1543.7626968282457,1543.7040511554385
1543.7631968282458,1543.7046643071337
1543.7636968282459,1543.7052772618606
1543.764196828246,1543.7058900198438
1543.764696828246,1543.7065025813092
1543.7651968282462,1543.707114946483
1543.7656968282463,1543.7077271155906
1543.7661968282464,1543.7083390888572
1543.7666968282465,1543.7089508665085
1543.7671968282466,1543.7095624487704
1543.7676968282467,1543.7101738358685
1543.7681968282468,1543.7107850280279
1543.768696828247,1543.7113960254742
1543.769196828247,1543.7120068284337
1543.769696828247,1543.712617437131
1543.7701968282472,1543.7132278517927
1543.7706968282473,1543.713838072643
1543.7711968282474,1543.714448099909
1543.7716968282475,1543.715057933816
1543.7721968282476,1543.7156675745885
1543.7726968282477,1543.7162770224531
1543.7731968282478,1543.716886277635
1543.773696828248,1543.7174953403598
1543.774196828248,1543.7181042108539
1543.7746968282481,1543.7187128893418
1543.7751968282482,1543.7193213760488
1543.7756968282483,1543.719929671202
1543.7761968282484,1543.7205377750254
1543.7766968282485,1543.7211456877458
1543.7771968282486,1543.7217534095878
1543.7776968282487,1543.722360940778
1543.7781968282488,1543.7229682815407
1543.778696828249,1543.7235754321032
1543.779196828249,1543.7241823926893
1543.7796968282491,1543.7247891635254
1543.7801968282492,1543.7253957448377
1543.7806968282493,1543.7260021368506
1543.7811968282494,1543.7266083397906
1543.7816968282496,1543.7272143538828
1543.7821968282497,1543.7278201793529
1543.7826968282498,1543.7284258164261
1543.7831968282499,1543.7290312653288
1543.78369682825,1543.7296365262864
1543.78419682825,1543.7302415995239
1543.7846968282502,1543.7308464852674
1543.7851968282503,1543.7314511837421
1543.7856968282504,1543.732055695174
1543.7861968282505,1543.7326600197887
1543.7866968282506,1543.7332641578114
1543.7871968282507,1543.7338681094675
1543.7876968282508,1543.734471874984
1543.7881968282509,1543.735075454584
1543.788696828251,1543.7356788484954
1543.789196828251,1543.7362820569424
1543.7896968282512,1543.7368850801515
1543.7901968282513,1543.7374879183478
1543.7906968282514,1543.7380905717566
1543.7911968282515,1543.7386930406044
1543.7916968282516,1543.7392953251158
1543.7921968282517,1543.739897425517
1543.7926968282518,1543.7404993420337
1543.793196828252,1543.7411010748908
1543.793696828252,1543.741702624314
1543.794196828252,1543.7423039905295
1543.7946968282522,1543.7429051737624
1543.7951968282523,1543.7435061742385
1543.7956968282524,1543.744106992183
1543.7961968282525,1543.7447076278222
1543.7966968282526,1543.7453080813814
1543.7971968282527,1543.7459083530855
1543.7976968282528,1543.746508443161
1543.798196828253,1543.7471083518328
1543.798696828253,1543.747708079327
1543.7991968282531,1543.748307625869
1543.7996968282532,1543.7489069916844
1543.8001968282533,1543.7495061769985
1543.8006968282534,1543.750105182037
1543.8011968282535,1543.7507040070268
1543.8016968282536,1543.751302652191
1543.8021968282537,1543.7519011177574
1543.8026968282538,1543.7524994039502
1543.803196828254,1543.7530975109953
1543.803696828254,1543.753695439119
1543.8041968282541,1543.754293188546
1543.8046968282542,1543.754890759502
1543.8051968282543,1543.7554881522128
1543.8056968282544,1543.7560853669047
1543.8061968282545,1543.756682403802
1543.8066968282546,1543.7572792631308
1543.8071968282547,1543.7578759451167
1543.8076968282548,1543.7584724499852
1543.808196828255,1543.7590687779627
1543.808696828255,1543.7596649292734
1543.8091968282552,1543.760260904144
1543.8096968282553,1543.7608567027992
1543.8101968282554,1543.7614523254656
1543.8106968282555,1543.762047772368
1543.8111968282556,1543.7626430437326
1543.8116968282557,1543.7632381397839
1543.8121968282558,1543.7638330607485
1543.8126968282559,1543.7644278068515
1543.813196828256,1543.7650223783191
1543.813696828256,1543.7656167753762
1543.8141968282562,1543.7662109982484
1543.8146968282563,1543.7668050471616
1543.8151968282564,1543.7673989223415
1543.8156968282565,1543.7679926240132
1543.8161968282566,1543.768586152403
1543.8166968282567,1543.7691795077355
1543.8171968282568,1543.769772690237
1543.8176968282569,1543.7703657001332
1543.818196828257,1543.7709585376492
1543.818696828257,1543.7715512030109
1543.8191968282572,1543.7721436964434
1543.8196968282573,1543.7727360181727
1543.8201968282574,1543.773328168425
1543.8206968282575,1543.7739201474244
1543.8211968282576,1543.7745119553977
1543.8216968282577,1543.7751035925698
1543.8221968282578,1543.7756950591668
1543.822696828258,1543.7762863554142
1543.823196828258,1543.7768774815374
1543.823696828258,1543.7774684377616
1543.8241968282582,1543.7780592243134
1543.8246968282583,1543.7786498414175
1543.8251968282584,1543.7792402893
1543.8256968282585,1543.7798305681856
1543.8261968282586,1543.7804206783014
1543.8266968282587,1543.7810106198715
1543.8271968282588,1543.7816003931223
1543.827696828259,1543.782189998279
1543.828196828259,1543.7827794355678
1543.8286968282591,1543.7833687052141
1543.8291968282592,1543.7839578074427
1543.8296968282593,1543.7845467424793
1543.8301968282594,1543.7851355105508
1543.8306968282595,1543.785724111882
1543.8311968282596,1543.7863125466981
1543.8316968282597,1543.7869008152247
1543.8321968282598,1543.7874889176876
1543.83269682826,1543.788076854313
1543.83319682826,1543.788664625326
1543.8336968282601,1543.7892522309512
1543.8341968282602,1543.7898396714158
1543.8346968282603,1543.7904269469445
1543.8351968282605,1543.7910140577628
1543.8356968282606,1543.7916010040972
1543.8361968282607,1543.7921877861722
1543.8366968282608,1543.792774404214
1543.8371968282609,1543.7933608584476
1543.837696828261,1543.7939471490993
1543.838196828261,1543.7945332763943
1543.8386968282612,1543.7951192405585
1543.8391968282613,1543.7957050418172
1543.8396968282614,1543.796290680396
1543.8401968282615,1543.79687615652
1543.8406968282616,1543.7974614704158
1543.8411968282617,1543.7980466223084
1543.8416968282618,1543.7986316124236
1543.8421968282619,1543.7992164409868
1543.842696828262,1543.7998011082232
1543.843196828262,1543.8003856143591
1543.8436968282622,1543.8009699596203
1543.8441968282623,1543.8015541442312
1543.8446968282624,1543.8021381684184
1543.8451968282625,1543.802722032407
1543.8456968282626,1543.8033057364228
1543.8461968282627,1543.8038892806915
1543.8466968282628,1543.8044726654382
1543.847196828263,1543.805055890889
1543.847696828263,1543.8056389572691
1543.848196828263,1543.8062218648047
1543.8486968282632,1543.8068046137205
1543.8491968282633,1543.8073872042428
1543.8496968282634,1543.8079696365967
1543.8501968282635,1543.8085519110082
1543.8506968282636,1543.809134027702
1543.8511968282637,1543.809715986905
1543.8516968282638,1543.8102977888423
1543.852196828264,1543.810879433739
1543.852696828264,1543.8114609218214
1543.8531968282641,1543.8120422533143
1543.8536968282642,1543.812623428444
1543.8541968282643,1543.8132044474355
1543.8546968282644,1543.813785310515
1543.8551968282645,1543.814366017907
1543.8556968282646,1543.8149465698389
1543.8561968282647,1543.8155269665347
1543.8566968282648,1543.8161072082205
1543.857196828265,1543.8166872951217
1543.857696828265,1543.817267227464
1543.8581968282651,1543.8178470054736
1543.8586968282652,1543.8184266293752
1543.8591968282653,1543.8190060993948
1543.8596968282654,1543.8195854157575
1543.8601968282655,1543.8201645786899
1543.8606968282656,1543.820743588417
1543.8611968282657,1543.8213224451633
1543.8616968282658,1543.8219011491565
1543.862196828266,1543.8224797006208
1543.862696828266,1543.8230580997824
1543.8631968282662,1543.8236363468664
1543.8636968282663,1543.8242144420983
1543.8641968282664,1543.8247923857043
1543.8646968282665,1543.8253701779095
1543.8651968282666,1543.8259478189395
1543.8656968282667,1543.82652530902
1543.8661968282668,1543.8271026483774
1543.8666968282669,1543.8276798372358
1543.867196828267,1543.8282568758216
1543.867696828267,1543.8288337643598
1543.8681968282672,1543.829410503077
1543.8686968282673,1543.8299870921983
1543.8691968282674,1543.830563531949
1543.8696968282675,1543.8311398225546
1543.8701968282676,1543.8317159642413
1543.8706968282677,1543.8322919572345
1543.8711968282678,1543.8328678017592
1543.8716968282679,1543.8334434980418
1543.872196828268,1543.8340190463075
1543.872696828268,1543.8345944467821
1543.8731968282682,1543.8351696996904
1543.8736968282683,1543.835744805259
1543.8741968282684,1543.836319763713
1543.8746968282685,1543.8368945752777
1543.8751968282686,1543.8374692401792
1543.8756968282687,1543.8380437586432
1543.8761968282688,1543.8386181308945
1543.876696828269,1543.8391923571596
1543.877196828269,1543.839766437664
1543.877696828269,1543.840340372632
1543.8781968282692,1543.8409141622908
1543.8786968282693,1543.8414878068647
1543.8791968282694,1543.8420613065805
1543.8796968282695,1543.8426346616634
1543.8801968282696,1543.843207872338
1543.8806968282697,1543.843780938831
1543.8811968282698,1543.8443538613678
1543.88169682827,1543.8449266401738
1543.88219682827,1543.8454992754744
1543.8826968282701,1543.8460717674952
1543.8831968282702,1543.8466441164624
1543.8836968282703,1543.8472163226013
1543.8841968282704,1543.847788386137
1543.8846968282705,1543.8483603072953
1543.8851968282706,1543.848932086302
1543.8856968282707,1543.8495037233827
1543.8861968282708,1543.8500752187629
1543.886696828271,1543.8506465726682
1543.887196828271,1543.8512177853243
1543.8876968282711,1543.8517888569563
1543.8881968282712,1543.8523597877902
1543.8886968282713,1543.8529305780514
1543.8891968282715,1543.8535012279658
1543.8896968282716,1543.8540717377589
1543.8901968282717,1543.854642107656
1543.8906968282718,1543.8552123378824
1543.8911968282719,1543.8557824286645
1543.891696828272,1543.8563523802275
1543.892196828272,1543.8569221927974
1543.8926968282722,1543.857491866599
1543.8931968282723,1543.8580614018583
1543.8936968282724,1543.8586307988005
1543.8941968282725,1543.859200057652
1543.8946968282726,1543.8597691786376
1543.8951968282727,1543.8603381619832
1543.8956968282728,1543.8609070079149
1543.8961968282729,1543.8614757166577
1543.896696828273,1543.8620442884364
1543.897196828273,1543.862612723478
1543.8976968282732,1543.863181022008
1543.8981968282733,1543.8637491842508
1543.8986968282734,1543.8643172104328
1543.8991968282735,1543.8648851007797
1543.8996968282736,1543.8654528555167
1543.9001968282737,1543.8660204748694
1543.9006968282738,1543.8665879590644
1543.901196828274,1543.8671553083252
1543.901696828274,1543.8677225228794
1543.902196828274,1543.8682896029516
1543.9026968282742,1543.8688565487676
1543.9031968282743,1543.869423360553
1543.9036968282744,1543.8699900385327
1543.9041968282745,1543.8705565829334
1543.9046968282746,1543.8711229939804
1543.9051968282747,1543.8716892718992
1543.9056968282748,1543.8722554169149
1543.906196828275,1543.8728214292532
1543.906696828275,1543.8733873091403
1543.9071968282751,1543.8739530568016
1543.9076968282752,1543.874518672462
1543.9081968282753,1543.8750841563483
1543.9086968282754,1543.875649508685
1543.9091968282755,1543.876214729698
1543.9096968282756,1543.8767798196127
1543.9101968282757,1543.877344778656
1543.9106968282758,1543.8779096070514
1543.911196828276,1543.8784743050255
1543.911696828276,1543.8790388728041
1543.9121968282761,1543.8796033106128
1543.9126968282762,1543.8801676186772
1543.9131968282763,1543.8807317972219
1543.9136968282764,1543.8812958464737
1543.9141968282765,1543.8818597666573
1543.9146968282766,1543.8824235579991
1543.9151968282767,1543.8829872207243
1543.9156968282769,1543.8835507550582
1543.916196828277,1543.884114161227
1543.916696828277,1543.8846774394551
1543.9171968282772,1543.88524058997
1543.9176968282773,1543.8858036129957
1543.9181968282774,1543.8863665087579
1543.9186968282775,1543.8869292774832
1543.9191968282776,1543.8874919193966
1543.9196968282777,1543.8880544347232
1543.9201968282778,1543.888616823689
1543.9206968282779,1543.8891790865202
1543.921196828278,1543.889741223441
1543.921696828278,1543.890303234678
1543.9221968282782,1543.8908651204567
1543.9226968282783,1543.8914268810026
1543.9231968282784,1543.8919885165412
1543.9236968282785,1543.8925500272983
1543.9241968282786,1543.893111413499
1543.9246968282787,1543.8936726753695
1543.9251968282788,1543.8942338131346
1543.925696828279,1543.8947948270209
1543.926196828279,1543.8953557172529
1543.926696828279,1543.8959164840571
1543.9271968282792,1543.8964771276583
1543.9276968282793,1543.897037648283
1543.9281968282794,1543.897598046156
1543.9286968282795,1543.8981583215032
1543.9291968282796,1543.8987184745502
1543.9296968282797,1543.8992785055227
1543.9301968282798,1543.8998384146457
1543.93069682828,1543.9003982021452
1543.93119682828,1543.9009578682471
1543.93169682828,1543.9015174131762
1543.9321968282802,1543.9020768371593
1543.9326968282803,1543.9026361404208
1543.9331968282804,1543.9031953231865
1543.9336968282805,1543.9037543856825
1543.9341968282806,1543.9043133281339
1543.9346968282807,1543.904872150767
1543.9351968282808,1543.9054308538061
1543.935696828281,1543.9059894374784
1543.936196828281,1543.9065479020076
1543.9366968282811,1543.9071062476212
1543.9371968282812,1543.9076644745435
1543.9376968282813,1543.9082225830005
1543.9381968282814,1543.9087805732174
1543.9386968282815,1543.9093384454204
1543.9391968282816,1543.9098961998352
1543.9396968282817,1543.9104538366869
1543.9401968282818,1543.911011356201
1543.940696828282,1543.9115687586034
1543.941196828282,1543.9121260441193
1543.9416968282821,1543.9126832129748
1543.9421968282822,1543.9132402653952
1543.9426968282824,1543.913797201606
1543.9431968282825,1543.9143540218333
1543.9436968282826,1543.9149107263017
1543.9441968282827,1543.9154673152382
1543.9446968282828,1543.9160237888673
1543.9451968282829,1543.9165801474144
1543.945696828283,1543.9171363911053
1543.946196828283,1543.9176925201666
1543.9466968282832,1543.9182485348226
1543.9471968282833,1543.9188044352998
1543.9476968282834,1543.9193602218227
1543.9481968282835,1543.919915894618
1543.9486968282836,1543.920471453911
1543.9491968282837,1543.921026899927
1543.9496968282838,1543.9215822328915
1543.9501968282839,1543.9221374530302
1543.950696828284,1543.9226925605687
1543.951196828284,1543.9232475557333
1543.9516968282842,1543.9238024387487
1543.9521968282843,1543.9243572098408
1543.9526968282844,1543.9249118692348
1543.9531968282845,1543.925466417157
1543.9536968282846,1543.9260208538321
1543.9541968282847,1543.9265751794865
1543.9546968282848,1543.9271293943452
1543.955196828285,1543.9276834986342
1543.955696828285,1543.9282374925785
1543.956196828285,1543.9287913764047
1543.9566968282852,1543.9293451503374
1543.9571968282853,1543.9298988146031
1543.9576968282854,1543.9304523694266
1543.9581968282855,1543.9310058150334
1543.9586968282856,1543.9315591516495
1543.9591968282857,1543.932112379501
1543.9596968282858,1543.932665498812
1543.960196828286,1543.9332185098096
1543.960696828286,1543.9337714127191
1543.9611968282861,1543.9343242077648
1543.9616968282862,1543.9348768951738
1543.9621968282863,1543.9354294751708
1543.9626968282864,1543.9359819479823
1543.9631968282865,1543.9365343138325
1543.9636968282866,1543.9370865729488
1543.9641968282867,1543.937638725555
1543.9646968282868,1543.938190771877
1543.965196828287,1543.938742712142
1543.965696828287,1543.9392945465734
1543.9661968282871,1543.9398462753984
1543.9666968282872,1543.9403978988419
1543.9671968282873,1543.9409494171293
1543.9676968282874,1543.9415008304868
1543.9681968282875,1543.9420521391392
1543.9686968282876,1543.9426033433122
1543.9691968282877,1543.9431544432327
1543.9696968282879,1543.943705439125
1543.970196828288,1543.9442563312148
1543.970696828288,1543.9448071197273
1543.9711968282882,1543.9453578048897
1543.9716968282883,1543.9459083869256
1543.9721968282884,1543.946458866062
1543.9726968282885,1543.9470092425238
1543.9731968282886,1543.947559516537
1543.9736968282887,1543.948109688327
1543.9741968282888,1543.948659758119
1543.9746968282889,1543.9492097261389
1543.975196828289,1543.9497595926125
1543.975696828289,1543.9503093577655
1543.9761968282892,1543.950859021823
1543.9766968282893,1543.9514085850103
1543.9771968282894,1543.951958047554
1543.9776968282895,1543.9525074096787
1543.9781968282896,1543.9530566716105
1543.9786968282897,1543.9536058335752
1543.9791968282898,1543.954154895798
1543.97969682829,1543.9547038585047
1543.98019682829,1543.9552527219203
1543.98069682829,1543.9558014862712
1543.9811968282902,1543.9563501517825
1543.9816968282903,1543.95689871868
1543.9821968282904,1543.957447187189
1543.9826968282905,1543.9579955575355
1543.9831968282906,1543.9585438299446
1543.9836968282907,1543.9590920046423
1543.9841968282908,1543.959640081854
1543.984696828291,1543.9601880618054
1543.985196828291,1543.960735944722
1543.985696828291,1543.9612837308293
1543.9861968282912,1543.9618314203535
1543.9866968282913,1543.9623790135192
1543.9871968282914,1543.9629265105523
1543.9876968282915,1543.9634739116784
1543.9881968282916,1543.9640212171234
1543.9886968282917,1543.964568427113
1543.9891968282918,1543.9651155418721
1543.989696828292,1543.9656625616267
1543.990196828292,1543.9662094866028
1543.9906968282921,1543.9667563170249
1543.9911968282922,1543.9673030531196
1543.9916968282923,1543.967849695112
1543.9921968282924,1543.9683962432273
1543.9926968282925,1543.9689426976922
1543.9931968282926,1543.969489058732
1543.9936968282927,1543.970035326571
1543.9941968282928,1543.9705815014363
1543.994696828293,1543.9711275835525
1543.995196828293,1543.971673573146
1543.9956968282931,1543.972219470442
1543.9961968282933,1543.9727652756662
1543.9966968282934,1543.973310989043
1543.9971968282935,1543.9738566108
1543.9976968282936,1543.9744021411616
1543.9981968282937,1543.974947580353
1543.9986968282938,1543.9754929286014
1543.9991968282939,1543.976038186131
1543.999696828294,1543.9765833531678
1544.000196828294,1543.977128429937
1544.0006968282942,1543.9776734166649
1544.0011968282943,1543.978218313576
1544.0016968282944,1543.9787631208974
1544.0021968282945,1543.9793078388532
1544.0026968282946,1543.9798524676703
1544.0031968282947,1543.9803970075734
1544.0036968282948,1543.9809414587885
1544.0041968282949,1543.981485821541
1544.004696828295,1543.982030096056
1544.005196828295,1543.98257428256
1544.0056968282952,1543.983118381278
1544.0061968282953,1543.983662392436
1544.0066968282954,1543.9842063162591
1544.0071968282955,1543.984750152973
1544.0076968282956,1543.9852939028035
1544.0081968282957,1543.985837565976
1544.0086968282958,1543.9863811427165
1544.009196828296,1543.98692463325
1544.009696828296,1543.9874680378023
1544.010196828296,1543.9880113565991
1544.0106968282962,1543.9885545898662
1544.0111968282963,1543.9890977378286
1544.0116968282964,1543.9896408007116
1544.0121968282965,1543.9901837787422
1544.0126968282966,1543.990726672145
1544.0131968282967,1543.9912694811458
1544.0136968282968,1543.9918122059703
1544.014196828297,1543.992354846843
1544.014696828297,1543.992897403991
1544.0151968282971,1543.9934398776393
1544.0156968282972,1543.9939822680133
1544.0161968282973,1543.9945245753388
1544.0166968282974,1543.9950667998414
1544.0171968282975,1543.9956089417465
1544.0176968282976,1543.9961510012793
1544.0181968282977,1543.9966929786667
1544.0186968282978,1543.9972348741333
1544.019196828298,1543.9977766879047
1544.019696828298,1543.9983184202063
1544.0201968282981,1543.9988600712645
1544.0206968282982,1543.999401641304
1544.0211968282983,1543.9999431305512
1544.0216968282984,1544.0004845392314
1544.0221968282985,1544.0010258675695
1544.0226968282986,1544.0015671157919
1544.0231968282988,1544.0021082841238
1544.0236968282989,1544.002649372791
1544.024196828299,1544.0031903820188
1544.024696828299,1544.003731312033
1544.0251968282992,1544.0042721630598
1544.0256968282993,1544.0048129353236
1544.0261968282994,1544.0053536290504
1544.0266968282995,1544.0058942444664
1544.0271968282996,1544.0064347817959
1544.0276968282997,1544.0069752412658
1544.0281968282998,1544.0075156231014
1544.0286968282999,1544.0080559275273
1544.0291968283,1544.0085961547707
1544.0296968283,1544.009136305056
1544.0301968283002,1544.0096763786091
1544.0306968283003,1544.0102163756553
1544.0311968283004,1544.0107562964206
1544.0316968283005,1544.0112961411305
1544.0321968283006,1544.0118359100102
1544.0326968283007,1544.0123756032865
1544.0331968283008,1544.0129152211834
1544.033696828301,1544.0134547639275
1544.034196828301,1544.013994231744
1544.034696828301,1544.0145336248584
1544.0351968283012,1544.0150729434968
1544.0356968283013,1544.0156121878842
1544.0361968283014,1544.0161513582464
1544.0366968283015,1544.0166904548087
1544.0371968283016,1544.0172294777974
1544.0376968283017,1544.0177684274377
1544.0381968283018,1544.018307303955
1544.038696828302,1544.018846107575
1544.039196828302,1544.0193848385236
1544.039696828302,1544.0199234970257
1544.0401968283022,1544.0204620833078
1544.0406968283023,1544.0210005975941
1544.0411968283024,1544.0215390401117
1544.0416968283025,1544.0220774110855
1544.0421968283026,1544.022615710741
1544.0426968283027,1544.023153939304
1544.0431968283028,1544.0236920970003
1544.043696828303,1544.0242301840549
1544.044196828303,1544.0247682006934
1544.0446968283031,1544.0253061471424
1544.0451968283032,1544.0258440236257
1544.0456968283033,1544.0263818303706
1544.0461968283034,1544.0269195676021
1544.0466968283035,1544.0274572355452
1544.0471968283036,1544.0279948344262
1544.0476968283037,1544.0285323644703
1544.0481968283038,1544.0290698259037
1544.048696828304,1544.0296072189512
1544.049196828304,1544.0301445438388
1544.0496968283041,1544.0306818007919
1544.0501968283043,1544.0312189900362
1544.0506968283044,1544.0317561117977
1544.0511968283045,1544.0322931663006
1544.0516968283046,1544.0328301537725
1544.0521968283047,1544.033367074437
1544.0526968283048,1544.0339039285209
1544.0531968283049,1544.0344407162495
1544.053696828305,1544.0349774378483
1544.054196828305,1544.0355140935433
1544.0546968283052,1544.0360506835596
1544.0551968283053,1544.036587208123
1544.0556968283054,1544.0371236674587
1544.0561968283055,1544.0376600617928
1544.0566968283056,1544.038196391351
1544.0571968283057,1544.038732656358
1544.0576968283058,1544.0392688570403
1544.0581968283059,1544.0398049936225
1544.058696828306,1544.0403410663316
1544.059196828306,1544.0408770753922
1544.0596968283062,1544.0414130210297
1544.0601968283063,1544.0419489034707
1544.0606968283064,1544.0424847229394
1544.0611968283065,1544.0430204796628
1544.0616968283066,1544.0435561738657
1544.0621968283067,1544.0440918057734
1544.0626968283068,1544.044627375612
1544.063196828307,1544.0451628836074
1544.063696828307,1544.0456983299846
1544.064196828307,1544.0462337149688
1544.0646968283072,1544.0467690387866
1544.0651968283073,1544.0473043016634
1544.0656968283074,1544.0478395038244
1544.0661968283075,1544.0483746454947
1544.0666968283076,1544.0489097269008
1544.0671968283077,1544.0494447482681
1544.0676968283078,1544.049979709822
1544.068196828308,1544.0505146117878
1544.068696828308,1544.0510494543917
1544.0691968283081,1544.051584237859
1544.0696968283082,1544.052118962415
1544.0701968283083,1544.0526536282862
1544.0706968283084,1544.0531882356966
1544.0711968283085,1544.0537227848733
1544.0716968283086,1544.0542572760414
1544.0721968283087,1544.0547917094261
1544.0726968283088,1544.0553260852537
1544.073196828309,1544.0558604037487
1544.073696828309,1544.0563946651375
1544.0741968283091,1544.056928869646
1544.0746968283092,1544.0574630174988
1544.0751968283093,1544.0579971089226
1544.0756968283094,1544.0585311441423
1544.0761968283095,1544.0590651233836
1544.0766968283097,1544.0595990468712
1544.0771968283098,1544.0601329148321
1544.0776968283099,1544.0606667274915
1544.07819682831,1544.0612004850743
1544.07869682831,1544.0617341878074
1544.0791968283102,1544.0622678359148
1544.0796968283103,1544.0628014296233
1544.0801968283104,1544.0633349691584
1544.0806968283105,1544.0638684547444
1544.0811968283106,1544.0644018866083
1544.0816968283107,1544.0649352649752
1544.0821968283108,1544.0654685900709
1544.0826968283109,1544.0660018621202
1544.083196828311,1544.0665350813492
1544.083696828311,1544.0670682479845
1544.0841968283112,1544.06760136225
1544.0846968283113,1544.068134424372
1544.0851968283114,1544.0686674345764
1544.0856968283115,1544.069200393088
1544.0861968283116,1544.0697333001335
1544.0866968283117,1544.0702661559376
1544.0871968283118,1544.0707989607258
1544.087696828312,1544.0713317147247
1544.088196828312,1544.0718644181584
1544.088696828312,1544.072397071254
1544.0891968283122,1544.0729296742356
1544.0896968283123,1544.0734622273303
1544.0901968283124,1544.0739947307623
1544.0906968283125,1544.0745271847586
1544.0911968283126,1544.0750595895431
1544.0916968283127,1544.0755919453427
1544.0921968283128,1544.0761242523827
1544.092696828313,1544.0766565108886
1544.093196828313,1544.0771887210851
1544.093696828313,1544.0777208832
1544.0941968283132,1544.0782529974565
1544.0946968283133,1544.0787850640813
1544.0951968283134,1544.0793170833
1544.0956968283135,1544.0798490553384
1544.0961968283136,1544.0803809804213
1544.0966968283137,1544.080912858775
1544.0971968283138,1544.0814446906247
1544.097696828314,1544.0819764761966
1544.098196828314,1544.0825082157153
1544.0986968283141,1544.0830399094068
1544.0991968283142,1544.0835715574974
1544.0996968283143,1544.0841031602108
1544.1001968283144,1544.0846347177749
1544.1006968283145,1544.0851662304137
1544.1011968283146,1544.0856976983537
1544.1016968283147,1544.0862291218193
1544.1021968283148,1544.0867605010376
1544.102696828315,1544.087291836233
1544.103196828315,1544.0878231276317
1544.1036968283152,1544.0883543754592
1544.1041968283153,1544.0888855799415
1544.1046968283154,1544.0894167413026
1544.1051968283155,1544.08994785977
1544.1056968283156,1544.090478935568
1544.1061968283157,1544.0910099689224
1544.1066968283158,1544.09154096006
1544.1071968283159,1544.092071909205
1544.107696828316,1544.0926028165832
1544.108196828316,1544.0931336824199
1544.1086968283162,1544.0936645069419
1544.1091968283163,1544.0941952903738
1544.1096968283164,1544.0947260329417
1544.1101968283165,1544.0952567348702
1544.1106968283166,1544.0957873963864
1544.1111968283167,1544.0963180177143
1544.1116968283168,1544.096848599081
1544.1121968283169,1544.097379140711
1544.112696828317,1544.0979096428305
1544.113196828317,1544.0984401056644
1544.1136968283172,1544.0989705294387
1544.1141968283173,1544.0995009143792
1544.1146968283174,1544.1000312607114
1544.1151968283175,1544.1005615686604
1544.1156968283176,1544.1010918384527
1544.1161968283177,1544.101622070313
1544.1166968283178,1544.1021522644671
1544.117196828318,1544.1026824211408
1544.117696828318,1544.1032125405598
1544.118196828318,1544.103742622949
1544.1186968283182,1544.1042726685348
1544.1191968283183,1544.1048026775425
1544.1196968283184,1544.105332650197
1544.1201968283185,1544.105862586725
1544.1206968283186,1544.1063924873515
1544.1211968283187,1544.1069223523025
1544.1216968283188,1544.107452181803
1544.122196828319,1544.1079819760787
1544.122696828319,1544.1085117353553
1544.1231968283191,1544.1090414598586
1544.1236968283192,1544.109571149814
1544.1241968283193,1544.1101008054472
1544.1246968283194,1544.110630426983
1544.1251968283195,1544.1111600146482
1544.1256968283196,1544.111689568668
1544.1261968283197,1544.112219089268
1544.1266968283198,1544.1127485766726
1544.12719682832,1544.1132780311088
1544.12769682832,1544.1138074528017
1544.1281968283201,1544.114336841977
1544.1286968283202,1544.1148661988607
1544.1291968283203,1544.1153955236775
1544.1296968283204,1544.115924816654
1544.1301968283205,1544.1164540780146
1544.1306968283207,1544.1169833079857
1544.1311968283208,1544.117512506792
1544.1316968283209,1544.1180416746606
1544.132196828321,1544.1185708118155
1544.132696828321,1544.119099918484
1544.1331968283212,1544.1196289948898
1544.1336968283213,1544.1201580412603
1544.1341968283214,1544.1206870578192
1544.1346968283215,1544.1212160447935
1544.1351968283216,1544.1217450024085
1544.1356968283217,1544.122273930889
1544.1361968283218,1544.122802830462
1544.1366968283219,1544.1233317013518
1544.137196828322,1544.1238605437845
1544.137696828322,1544.1243893579856
1544.1381968283222,1544.1249181441808
1544.1386968283223,1544.1254469025955
1544.1391968283224,1544.125975633456
1544.1396968283225,1544.1265043369867
1544.1401968283226,1544.127033013414
1544.1406968283227,1544.1275616629634
1544.1411968283228,1544.12809028586
1544.141696828323,1544.12861888233
1544.142196828323,1544.1291474525985
1544.142696828323,1544.1296759968916
1544.1431968283232,1544.1302045154343
1544.1436968283233,1544.1307330084528
1544.1441968283234,1544.1312614761719
1544.1446968283235,1544.1317899188177
1544.1451968283236,1544.1323183366162
1544.1456968283237,1544.1328467297924
1544.1461968283238,1544.1333750985716
1544.146696828324,1544.13390344318
1544.147196828324,1544.1344317638432
1544.1476968283241,1544.1349600607862
1544.1481968283242,1544.135488334235
1544.1486968283243,1544.1360165844148
1544.1491968283244,1544.136544811552
1544.1496968283245,1544.1370730158717
1544.1501968283246,1544.1376011975995
1544.1506968283247,1544.1381293569605
1544.1511968283248,1544.1386574941812
1544.151696828325,1544.1391856094865
1544.152196828325,1544.139713703102
1544.1526968283251,1544.1402417752538
1544.1531968283252,1544.1407698261673
1544.1536968283253,1544.1412978560672
1544.1541968283254,1544.1418258651806
1544.1546968283255,1544.1423538537322
1544.1551968283256,1544.1428818219476
1544.1556968283257,1544.1434097700526
1544.1561968283258,1544.1439376982726
1544.156696828326,1544.1444656068331
1544.157196828326,1544.14499349596
1544.1576968283262,1544.1455213658792
1544.1581968283263,1544.1460492168148
1544.1586968283264,1544.1465770489945
1544.1591968283265,1544.147104862642
1544.1596968283266,1544.1476326579843
1544.1601968283267,1544.1481604352457
1544.1606968283268,1544.1486881946528
1544.1611968283269,1544.1492159364307
1544.161696828327,1544.1497436608054
1544.162196828327,1544.1502713680022
1544.1626968283272,1544.150799058246
1544.1631968283273,1544.151326731764
1544.1636968283274,1544.1518543887798
1544.1641968283275,1544.152382029521
1544.1646968283276,1544.1529096542117
1544.1651968283277,1544.1534372630783
1544.1656968283278,1544.1539648563457
1544.1661968283279,1544.1544924342404
1544.166696828328,1544.155019996987
1544.167196828328,1544.1555475448115
1544.1676968283282,1544.15607507794
1544.1681968283283,1544.1566025965974
1544.1686968283284,1544.1571301010094
1544.1691968283285,1544.1576575914014
1544.1696968283286,1544.1581850679997
1544.1701968283287,1544.1587125310293
1544.1706968283288,1544.159239980716
1544.171196828329,1544.1597674172851
1544.171696828329,1544.1602948409627
1544.172196828329,1544.160822251974
1544.1726968283292,1544.1613496505445
1544.1731968283293,1544.1618770369003
1544.1736968283294,1544.1624044112662
1544.1741968283295,1544.1629317738684
1544.1746968283296,1544.1634591249324
1544.1751968283297,1544.1639864646836
1544.1756968283298,1544.1645137933476
1544.17619682833,1544.1650411111502
1544.17669682833,1544.1655684183168
1544.1771968283301,1544.1660957150732
1544.1776968283302,1544.1666230016444
1544.1781968283303,1544.1671502782565
1544.1786968283304,1544.1676775451353
1544.1791968283305,1544.168204802506
1544.1796968283306,1544.168732050594
1544.1801968283307,1544.1692592896252
1544.1806968283308,1544.1697865198255
1544.181196828331,1544.1703137414192
1544.181696828331,1544.1708409546338
1544.1821968283311,1544.171368159693
1544.1826968283312,1544.1718953568238
1544.1831968283313,1544.1724225462517
1544.1836968283314,1544.1729497282008
1544.1841968283316,1544.1734769028985
1544.1846968283317,1544.174004070569
1544.1851968283318,1544.174531231439
1544.1856968283319,1544.175058385733
1544.186196828332,1544.1755855336773
1544.186696828332,1544.176112675498
1544.1871968283322,1544.1766398114196
1544.1876968283323,1544.177166941668
1544.1881968283324,1544.177694066469
1544.1886968283325,1544.1782211860482
1544.1891968283326,1544.1787483006306
1544.1896968283327,1544.1792754104426
1544.1901968283328,1544.179802515709
1544.1906968283329,1544.1803296166563
1544.191196828333,1544.1808567135097
1544.191696828333,1544.1813838064943
1544.1921968283332,1544.1819108958357
1544.1926968283333,1544.1824379817606
1544.1931968283334,1544.1829650644931
1544.1936968283335,1544.1834921442603
1544.1941968283336,1544.1840192212867
1544.1946968283337,1544.184546295798
1544.1951968283338,1544.18507336802
1544.195696828334,1544.1856004381787
1544.196196828334,1544.1861275064987
1544.196696828334,1544.1866545732064
1544.1971968283342,1544.187181638527
1544.1976968283343,1544.1877087026862
1544.1981968283344,1544.1882357659094
1544.1986968283345,1544.188762828423
1544.1991968283346,1544.1892898904512
1544.1996968283347,1544.1898169522206
1544.2001968283348,1544.1903440139567
1544.200696828335,1544.1908710758848
1544.201196828335,1544.1913981382302
1544.2016968283351,1544.1919252012194
1544.2021968283352,1544.1924522650772
1544.2026968283353,1544.1929793300296
1544.2031968283354,1544.193506396302
1544.2036968283355,1544.1940334641197
1544.2041968283356,1544.194560533709
1544.2046968283357,1544.1950876052947
1544.2051968283358,1544.1956146791026
1544.205696828336,1544.1961417553587
1544.206196828336,1544.196668834289
1544.2066968283361,1544.1971959161176
1544.2071968283362,1544.1977230010712
1544.2076968283363,1544.1982500893746
1544.2081968283364,1544.1987771812544
1544.2086968283365,1544.199304276936
1544.2091968283366,1544.1998313766437
1544.2096968283367,1544.2003584806046
1544.2101968283368,1544.2008855890435
1544.210696828337,1544.2014127021862
1544.211196828337,1544.201939820258
1544.2116968283372,1544.2024669434854
1544.2121968283373,1544.2029940720931
1544.2126968283374,1544.2035212063065
1544.2131968283375,1544.204048346352
1544.2136968283376,1544.2045754924548
1544.2141968283377,1544.2051026448403
1544.2146968283378,1544.2056298037346
1544.2151968283379,1544.2061569693624
1544.215696828338,1544.2066841419503
1544.216196828338,1544.2072113217232
1544.2166968283382,1544.2077385089071
1544.2171968283383,1544.2082657037272
1544.2176968283384,1544.2087929064094
1544.2181968283385,1544.2093201171788
1544.2186968283386,1544.2098473362616
1544.2191968283387,1544.2103745638835
1544.2196968283388,1544.2109018002693
1544.2201968283389,1544.211429045645
1544.220696828339,1544.211956300236
1544.221196828339,1544.2124835642685
1544.2216968283392,1544.2130108379674
1544.2221968283393,1544.2135381215585
1544.2226968283394,1544.2140654152674
1544.2231968283395,1544.2145927193196
1544.2236968283396,1544.2151200339413
1544.2241968283397,1544.215647359357
1544.2246968283398,1544.2161746957931
1544.22519682834,1544.216702043475
1544.22569682834,1544.217229402628
1544.22619682834,1544.217756773478
1544.2266968283402,1544.2182841562508
1544.2271968283403,1544.2188115511708
1544.2276968283404,1544.2193389584654
1544.2281968283405,1544.2198663783583
1544.2286968283406,1544.220393811077
1544.2291968283407,1544.220921256846
1544.2296968283408,1544.2214487158903
1544.230196828341,1544.2219761884364
1544.230696828341,1544.2225036747102
1544.2311968283411,1544.2230311749365
1544.2316968283412,1544.223558689341
1544.2321968283413,1544.2240862181493
1544.2326968283414,1544.224613761587
1544.2331968283415,1544.2251413198805
1544.2336968283416,1544.225668893254
1544.2341968283417,1544.226196481934
1544.2346968283418,1544.2267240861463
1544.235196828342,1544.227251706115
1544.235696828342,1544.2277793420676
1544.2361968283421,1544.2283069942284
1544.2366968283422,1544.2288346628234
1544.2371968283423,1544.229362348078
1544.2376968283425,1544.229890050218
1544.2381968283426,1544.2304177694693
1544.2386968283427,1544.2309455060567
1544.2391968283428,1544.2314732602065
1544.2396968283429,1544.232001032144
1544.240196828343,1544.2325288220945
1544.240696828343,1544.233056630284
1544.2411968283432,1544.233584456938
1544.2416968283433,1544.2341123022816
1544.2421968283434,1544.2346401665413
1544.2426968283435,1544.2351680499423
1544.2431968283436,1544.2356959527094
1544.2436968283437,1544.2362238750688
1544.2441968283438,1544.2367518171482
1544.2446968283439,1544.2372797788962
1544.245196828344,1544.2378077602405
1544.245696828344,1544.2383357611097
1544.2461968283442,1544.2388637814322
1544.2466968283443,1544.2393918211367
1544.2471968283444,1544.2399198801504
1544.2476968283445,1544.2404479584022
1544.2481968283446,1544.2409760558205
1544.2486968283447,1544.241504172333
1544.2491968283448,1544.242032307868
1544.249696828345,1544.242560462354
1544.250196828345,1544.2430886357192
1544.250696828345,1544.2436168278919
1544.2511968283452,1544.2441450387996
1544.2516968283453,1544.2446732683725
1544.2521968283454,1544.2452015165366
1544.2526968283455,1544.245729783221
1544.2531968283456,1544.2462580683543
1544.2536968283457,1544.2467863718648
1544.2541968283458,1544.24731469368
1544.254696828346,1544.2478430337283
1544.255196828346,1544.248371391939
1544.2556968283461,1544.248899768239
1544.2561968283462,1544.249428162557
1544.2566968283463,1544.2499565748215
1544.2571968283464,1544.2504850049606
1544.2576968283465,1544.2510134529023
1544.2581968283466,1544.2515419185754
1544.2586968283467,1544.2520704019075
1544.2591968283468,1544.2525989028275
1544.259696828347,1544.253127421263
1544.260196828347,1544.2536559571422
1544.2606968283471,1544.2541845103942
1544.2611968283472,1544.2547130809467
1544.2616968283473,1544.2552416687279
1544.2621968283474,1544.2557702736658
1544.2626968283475,1544.256298895689
1544.2631968283476,1544.2568275347257
1544.2636968283477,1544.2573561907045
1544.2641968283478,1544.2578848635533
1544.264696828348,1544.2584135531997
1544.265196828348,1544.258942259573
1544.2656968283482,1544.259470982601
1544.2661968283483,1544.2599997222114
1544.2666968283484,1544.2605284783338
1544.2671968283485,1544.261057250895
1544.2676968283486,1544.2615860398244
1544.2681968283487,1544.2621148450494
1544.2686968283488,1544.2626436664984
1544.2691968283489,1544.2631725040999
1544.269696828349,1544.2637013577823
1544.270196828349,1544.264230227474
1544.2706968283492,1544.264759113102
1544.2711968283493,1544.2652880145952
1544.2716968283494,1544.2658169318831
1544.2721968283495,1544.266345864892
1544.2726968283496,1544.2668748135509
1544.2731968283497,1544.2674037777886
1544.2736968283498,1544.267932757533
1544.27419682835,1544.2684617527116
1544.27469682835,1544.2689907632537
1544.27519682835,1544.269519789087
1544.2756968283502,1544.2700488301405
1544.2761968283503,1544.270577886341
1544.2766968283504,1544.2711069576178
1544.2771968283505,1544.2716360438985
1544.2776968283506,1544.2721651451122
1544.2781968283507,1544.272694261187
1544.2786968283508,1544.2732233920503
1544.279196828351,1544.273752537631
1544.279696828351,1544.2742816978573
1544.280196828351,1544.274810872657
1544.2806968283512,1544.2753400619592
1544.2811968283513,1544.2758692656912
1544.2816968283514,1544.2763984837818
1544.2821968283515,1544.276927716159
1544.2826968283516,1544.2774569627513
1544.2831968283517,1544.277986223487
1544.2836968283518,1544.2785154982944
1544.284196828352,1544.2790447871007
1544.284696828352,1544.2795740898355
1544.2851968283521,1544.280103406426
1544.2856968283522,1544.2806327368012
1544.2861968283523,1544.281162080889
1544.2866968283524,1544.281691438618
1544.2871968283525,1544.2822208099158
1544.2876968283526,1544.2827501947115
1544.2881968283527,1544.2832795929323
1544.2886968283528,1544.2838090045068
1544.289196828353,1544.2843384293642
1544.289696828353,1544.2848678674318
1544.2901968283531,1544.2853973186375
1544.2906968283532,1544.2859267829106
1544.2911968283533,1544.2864562601785
1544.2916968283535,1544.2869857503697
1544.2921968283536,1544.2875152534123
1544.2926968283537,1544.288044769235
1544.2931968283538,1544.2885742977655
1544.2936968283539,1544.2891038389328
1544.294196828354,1544.2896333926644
1544.294696828354,1544.290162958889
1544.2951968283542,1544.2906925375344
1544.2956968283543,1544.291222128529
1544.2961968283544,1544.2917517318015
1544.2966968283545,1544.2922813472792
1544.2971968283546,1544.2928109748914
1544.2976968283547,1544.293340614566
1544.2981968283548,1544.29387026623
1544.2986968283549,1544.294399929814
1544.299196828355,1544.2949296052443
1544.299696828355,1544.2954592924505
1544.3001968283552,1544.2959889913598
1544.3006968283553,1544.2965187019006
1544.3011968283554,1544.2970484240016
1544.3016968283555,1544.2975781575904
1544.3021968283556,1544.298107902596
1544.3026968283557,1544.2986376589465
1544.3031968283558,1544.2991674265693
1544.303696828356,1544.2996972053936
1544.304196828356,1544.3002269953477
1544.304696828356,1544.3007567963589
1544.3051968283562,1544.3012866083561
1544.3056968283563,1544.3018164312678
1544.3061968283564,1544.3023462650217
1544.3066968283565,1544.3028761095459
1544.3071968283566,1544.3034059647694
1544.3076968283567,1544.30393583062
1544.3081968283568,1544.3044657070259
1544.308696828357,1544.3049955939152
1544.309196828357,1544.3055254912165
1544.3096968283571,1544.3060553988578
1544.3101968283572,1544.3065853167677
1544.3106968283573,1544.3071152448738
1544.3111968283574,1544.3076451831048
1544.3116968283575,1544.3081751313894
1544.3121968283576,1544.3087050896547
1544.3126968283577,1544.3092350578295
1544.3131968283578,1544.3097650358422
1544.313696828358,1544.3102950236214
1544.314196828358,1544.3108250210944
1544.3146968283581,1544.31135502819
1544.3151968283582,1544.3118850448368
1544.3156968283583,1544.312415070962
1544.3161968283584,1544.3129451064947
1544.3166968283585,1544.3134751513626
1544.3171968283586,1544.3140052054946
1544.3176968283587,1544.3145352688184
1544.3181968283589,1544.3150653412627
1544.318696828359,1544.315595422755
1544.319196828359,1544.3161255132243
1544.3196968283592,1544.3166556125982
1544.3201968283593,1544.3171857208063
1544.3206968283594,1544.3177158377748
1544.3211968283595,1544.3182459634336
1544.3216968283596,1544.31877609771
1544.3221968283597,1544.3193062405328
1544.3226968283598,1544.3198363918298
1544.3231968283599,1544.320366551529
1544.32369682836,1544.32089671956
1544.32419682836,1544.3214268958498
1544.3246968283602,1544.3219570803265
1544.3251968283603,1544.3224872729195
1544.3256968283604,1544.3230174735565
1544.3261968283605,1544.3235476821649
1544.3266968283606,1544.324077898674
1544.3271968283607,1544.3246081230113
1544.3276968283608,1544.325138355106
1544.328196828361,1544.3256685948857
1544.328696828361,1544.3261988422785
1544.329196828361,1544.3267290972128
1544.3296968283612,1544.3272593596175
1544.3301968283613,1544.3277896294196
1544.3306968283614,1544.3283199065486
1544.3311968283615,1544.3288501909315
1544.3316968283616,1544.3293804824975
1544.3321968283617,1544.3299107811745
1544.3326968283618,1544.3304410868907
1544.333196828362,1544.3309713995745
1544.333696828362,1544.3315017191542
1544.334196828362,1544.3320320455578
1544.3346968283622,1544.3325623787134
1544.3351968283623,1544.3330927185498
1544.3356968283624,1544.3336230649948
1544.3361968283625,1544.3341534179767
1544.3366968283626,1544.334683777424
1544.3371968283627,1544.3352141432647
1544.3376968283628,1544.335744515427
1544.338196828363,1544.3362748938396
1544.338696828363,1544.33680527843
1544.3391968283631,1544.3373356691268
1544.3396968283632,1544.3378660658584
1544.3401968283633,1544.338396468553
1544.3406968283634,1544.3389268771386
1544.3411968283635,1544.339457291544
1544.3416968283636,1544.3399877116965
1544.3421968283637,1544.340518137525
1544.3426968283638,1544.3410485689578
1544.343196828364,1544.3415790059225
1544.343696828364,1544.3421094483488
1544.3441968283641,1544.342639896163
1544.3446968283642,1544.343170349295
1544.3451968283644,1544.343700807672
1544.3456968283645,1544.3442312712225
1544.3461968283646,1544.3447617398754
1544.3466968283647,1544.3452922135577
1544.3471968283648,1544.3458226921987
1544.3476968283649,1544.346353175726
1544.348196828365,1544.3468836640686
1544.348696828365,1544.3474141571537
1544.3491968283652,1544.3479446549102
1544.3496968283653,1544.3484751572664
1544.3501968283654,1544.3490056641501
1544.3506968283655,1544.3495361754901
1544.3511968283656,1544.3500666912146
1544.3516968283657,1544.3505972112516
1544.3521968283658,1544.3511277355285
1544.3526968283659,1544.351658263975
1544.353196828366,1544.3521887965187
1544.353696828366,1544.3527193330879
1544.3541968283662,1544.3532498736108
1544.3546968283663,1544.3537804180157
1544.3551968283664,1544.3543109662307
1544.3556968283665,1544.354841518184
1544.3561968283666,1544.3553720738043
1544.3566968283667,1544.3559026330197
1544.3571968283668,1544.3564331957577
1544.357696828367,1544.3569637619478
1544.358196828367,1544.3574943315173
1544.358696828367,1544.3580249043944
1544.3591968283672,1544.358555480508
1544.3596968283673,1544.3590860597856
1544.3601968283674,1544.3596166421567
1544.3606968283675,1544.3601472275475
1544.3611968283676,1544.360677815888
1544.3616968283677,1544.3612084071062
1544.3621968283678,1544.3617390011298
1544.362696828368,1544.362269597887
1544.363196828368,1544.3628001973063
1544.3636968283681,1544.363330799316
1544.3641968283682,1544.3638614038446
1544.3646968283683,1544.3643920108202
1544.3651968283684,1544.3649226201699
1544.3656968283685,1544.3654532318237
1544.3661968283686,1544.365983845709
1544.3666968283687,1544.366514461754
1544.3671968283688,1544.3670450798872
1544.367696828369,1544.3675757000365
1544.368196828369,1544.36810632213
1544.3686968283691,1544.3686369460968
1544.3691968283692,1544.3691675718644
1544.3696968283693,1544.369698199361
1544.3701968283694,1544.3702288285156
1544.3706968283695,1544.3707594592559
1544.3711968283696,1544.3712900915095
1544.3716968283697,1544.371820725206
1544.3721968283699,1544.3723513602727
1544.37269682837,1544.3728819966384
1544.37319682837,1544.3734126342304
1544.3736968283702,1544.3739432729783
1544.3741968283703,1544.37447391281
1544.3746968283704,1544.3750045536524
1544.3751968283705,1544.3755351954353
1544.3756968283706,1544.3760658380859
1544.3761968283707,1544.3765964815336
1544.3766968283708,1544.3771271257058
1544.3771968283709,1544.3776577705305
1544.377696828371,1544.3781884159362
1544.378196828371,1544.3787190618516
1544.3786968283712,1544.379249708205
1544.3791968283713,1544.3797803549244
1544.3796968283714,1544.3803110019371
1544.3801968283715,1544.3808416491727
1544.3806968283716,1544.3813722965585
1544.3811968283717,1544.3819029440235
1544.3816968283718,1544.3824335914956
1544.382196828372,1544.382964238903
1544.382696828372,1544.3834948861736
1544.383196828372,1544.3840255332364
1544.3836968283722,1544.384556180019
1544.3841968283723,1544.38508682645
1544.3846968283724,1544.385617472458
1544.3851968283725,1544.3861481179704
1544.3856968283726,1544.3866787629158
1544.3861968283727,1544.3872094072226
1544.3866968283728,1544.3877400508188
1544.387196828373,1544.3882706936329
1544.387696828373,1544.388801335593
1544.388196828373,1544.3893319766275
1544.3886968283732,1544.389862616664
1544.3891968283733,1544.3903932556314
1544.3896968283734,1544.390923893458
1544.3901968283735,1544.3914545300718
1544.3906968283736,1544.391985165401
1544.3911968283737,1544.3925157993738
1544.3916968283738,1544.3930464319187
1544.392196828374,1544.3935770629637
1544.392696828374,1544.3941076924368
1544.3931968283741,1544.3946383202676
1544.3936968283742,1544.395168946383
1544.3941968283743,1544.395699570711
1544.3946968283744,1544.3962301931806
1544.3951968283745,1544.39676081372
1544.3956968283746,1544.3972914322571
1544.3961968283747,1544.3978220487204
1544.3966968283748,1544.3983526630382
1544.397196828375,1544.398883275139
1544.397696828375,1544.3994138849498
1544.3981968283751,1544.3999444924002
1544.3986968283753,1544.400475097418
1544.3991968283754,1544.4010056999311
1544.3996968283755,1544.4015362998684
1544.4001968283756,1544.4020668971577
1544.4006968283757,1544.4025974917272
1544.4011968283758,1544.4031280835056
1544.4016968283759,1544.40365867242
1544.402196828376,1544.4041892584007
1544.402696828376,1544.4047198413741
1544.4031968283762,1544.4052504212689
1544.4036968283763,1544.4057809980134
1544.4041968283764,1544.4063115715362
1544.4046968283765,1544.4068421417649
1544.4051968283766,1544.4073727086288
1544.4056968283767,1544.4079032720547
1544.4061968283768,1544.4084338319722
1544.4066968283769,1544.408964388308
1544.407196828377,1544.4094949409925
1544.407696828377,1544.4100254899522
1544.4081968283772,1544.4105560351159
1544.4086968283773,1544.4110865764117
1544.4091968283774,1544.4116171137682
1544.4096968283775,1544.412147647113
1544.4101968283776,1544.4126781763753
1544.4106968283777,1544.4132087014825
1544.4111968283778,1544.4137392223631
1544.411696828378,1544.4142697389452
1544.412196828378,1544.4148002511579
1544.412696828378,1544.4153307589277
1544.4131968283782,1544.4158612621845
1544.4136968283783,1544.4163917608557
1544.4141968283784,1544.4169222548705
1544.4146968283785,1544.4174527441558
1544.4151968283786,1544.4179832286407
1544.4156968283787,1544.4185137082532
1544.4161968283788,1544.4190441829217
1544.416696828379,1544.4195746525738
1544.417196828379,1544.420105117139
1544.4176968283791,1544.420635576544
1544.4181968283792,1544.4211660307185
1544.4186968283793,1544.4216964795894
1544.4191968283794,1544.4222269230863
1544.4196968283795,1544.4227573611363
1544.4201968283796,1544.4232877936684
1544.4206968283797,1544.4238182206107
1544.4211968283798,1544.4243486418907
1544.42169682838,1544.4248790574375
1544.42219682838,1544.4254094671794
1544.4226968283801,1544.425939871044
1544.4231968283802,1544.42647026896
1544.4236968283803,1544.4270006608554
1544.4241968283804,1544.4275310466585
1544.4246968283805,1544.4280614262977
1544.4251968283806,1544.428591799701
1544.4256968283808,1544.4291221667968
1544.4261968283809,1544.429652527514
1544.426696828381,1544.4301828817793
1544.427196828381,1544.4307132295223
1544.4276968283812,1544.4312435706702
1544.4281968283813,1544.4317739051523
1544.4286968283814,1544.4323042328963
1544.4291968283815,1544.4328345538302
1544.4296968283816,1544.4333648678828
1544.4301968283817,1544.4338951749821
1544.4306968283818,1544.4344254750563
1544.4311968283819,1544.4349557680332
1544.431696828382,1544.4354860538417
1544.432196828382,1544.4360163324104
1544.4326968283822,1544.4365466036668
1544.4331968283823,1544.4370768675385
1544.4336968283824,1544.4376071239556
1544.4341968283825,1544.438137372845
1544.4346968283826,1544.4386676141348
1544.4351968283827,1544.4391978477545
1544.4356968283828,1544.4397280736305
1544.436196828383,1544.4402582916928
1544.436696828383,1544.4407885018688
1544.437196828383,1544.441318704087
1544.4376968283832,1544.441848898275
1544.4381968283833,1544.4423790843628
1544.4386968283834,1544.442909262276
1544.4391968283835,1544.4434394319444
1544.4396968283836,1544.4439695932965
1544.4401968283837,1544.4444997462608
1544.4406968283838,1544.4450298907639
1544.441196828384,1544.4455600267356
1544.441696828384,1544.4460901541029
1544.442196828384,1544.4466202727954
1544.4426968283842,1544.44715038274
1544.4431968283843,1544.4476804838662
1544.4436968283844,1544.4482105761012
1544.4441968283845,1544.4487406593737
1544.4446968283846,1544.4492707336121
1544.4451968283847,1544.4498007987445
1544.4456968283848,1544.4503308546984
1544.446196828385,1544.450860901404
1544.446696828385,1544.4513909387877
1544.4471968283851,1544.451920966778
1544.4476968283852,1544.4524509853034
1544.4481968283853,1544.4529809942926
1544.4486968283854,1544.4535109936737
1544.4491968283855,1544.4540409833744
1544.4496968283856,1544.4545709633232
1544.4501968283857,1544.4551009334486
1544.4506968283858,1544.4556308936783
1544.451196828386,1544.4561608439415
1544.451696828386,1544.4566907841654
1544.4521968283861,1544.4572207142783
1544.4526968283863,1544.457750634209
1544.4531968283864,1544.4582805438863
1544.4536968283865,1544.4588104432366
1544.4541968283866,1544.4593403321899
1544.4546968283867,1544.459870210674
1544.4551968283868,1544.4604000786162
1544.4556968283869,1544.4609299359456
1544.456196828387,1544.461459782591
1544.456696828387,1544.4619896184795
1544.4571968283872,1544.4625194435396
1544.4576968283873,1544.4630492577
1544.4581968283874,1544.4635790608884
1544.4586968283875,1544.4641088530336
1544.4591968283876,1544.4646386340635
1544.4596968283877,1544.4651684039068
1544.4601968283878,1544.4656981624908
1544.4606968283879,1544.4662279097442
1544.461196828388,1544.4667576455956
1544.461696828388,1544.4672873699728
1544.4621968283882,1544.4678170828042
1544.4626968283883,1544.4683467840186
1544.4631968283884,1544.468876473543
1544.4636968283885,1544.4694061513069
1544.4641968283886,1544.4699358172384
1544.4646968283887,1544.4704654712646
1544.4651968283888,1544.4709951133143
1544.465696828389,1544.4715247433164
1544.466196828389,1544.472054361199
1544.466696828389,1544.4725839668893
1544.4671968283892,1544.4731135603163
1544.4676968283893,1544.4736431414085
1544.4681968283894,1544.4741727100936
1544.4686968283895,1544.4747022663005
1544.4691968283896,1544.4752318099565
1544.4696968283897,1544.4757613409909
1544.4701968283898,1544.476290859331
1544.47069682839,1544.476820364906
1544.47119682839,1544.477349857643
1544.4716968283901,1544.477879337471
1544.4721968283902,1544.4784088043184
1544.4726968283903,1544.4789382581125
1544.4731968283904,1544.4794676987826
1544.4736968283905,1544.4799971262564
1544.4741968283906,1544.4805265404625
1544.4746968283907,1544.4810559413283
1544.4751968283908,1544.4815853287832
1544.475696828391,1544.482114702755
1544.476196828391,1544.4826440631716
1544.4766968283911,1544.4831734099614
1544.4771968283912,1544.4837027430528
1544.4776968283913,1544.484232062374
1544.4781968283914,1544.4847613678533
1544.4786968283915,1544.4852906594185
1544.4791968283917,1544.4858199369985
1544.4796968283918,1544.4863492005209
1544.4801968283919,1544.4868784499145
1544.480696828392,1544.4874076851074
1544.481196828392,1544.487936906028
1544.4816968283922,1544.4884661126036
1544.4821968283923,1544.4889953047636
1544.4826968283924,1544.489524482436
1544.4831968283925,1544.4900536455482
1544.4836968283926,1544.4905827940295
1544.4841968283927,1544.4911119278079
1544.4846968283928,1544.4916410468109
1544.4851968283929,1544.492170150968
1544.485696828393,1544.4926992402063
1544.486196828393,1544.4932283144542
1544.4866968283932,1544.4937573736408
1544.4871968283933,1544.4942864176935
1544.4876968283934,1544.494815446541
1544.4881968283935,1544.495344460111
1544.4886968283936,1544.4958734583327
1544.4891968283937,1544.4964024411333
1544.4896968283938,1544.4969314084417
1544.490196828394,1544.4974603601859
1544.490696828394,1544.4979892962938
1544.491196828394,1544.4985182166943
1544.4916968283942,1544.4990471213157
1544.4921968283943,1544.4995760100855
1544.4926968283944,1544.5001048829326
1544.4931968283945,1544.500633739785
1544.4936968283946,1544.5011625805707
1544.4941968283947,1544.5016914052187
1544.4946968283948,1544.5022202136558
1544.495196828395,1544.502749005812
1544.495696828395,1544.5032777816143
1544.4961968283951,1544.5038065409913
1544.4966968283952,1544.5043352838716
1544.4971968283953,1544.504864010183
1544.4976968283954,1544.505392719854
1544.4981968283955,1544.5059214128125
1544.4986968283956,1544.506450088987
1544.4991968283957,1544.506978748306
1544.4996968283958,1544.5075073906971
1544.500196828396,1544.5080360160894
1544.500696828396,1544.50856462441
1544.5011968283961,1544.509093215588
1544.5016968283962,1544.5096217895516
1544.5021968283963,1544.5101503462288
1544.5026968283964,1544.5106788855478
1544.5031968283965,1544.5112074074368
1544.5036968283966,1544.5117359118246
1544.5041968283967,1544.5122643986388
1544.5046968283968,1544.5127928678082
1544.505196828397,1544.5133213192605
1544.505696828397,1544.513849752924
1544.5061968283972,1544.5143781687275
1544.5066968283973,1544.5149065665985
1544.5071968283974,1544.5154349464656
1544.5076968283975,1544.5159633082571
1544.5081968283976,1544.5164916519018
1544.5086968283977,1544.5170199773263
1544.5091968283978,1544.5175482844606
1544.5096968283979,1544.518076573232
1544.510196828398,1544.5186048435692
1544.510696828398,1544.5191330953994
1544.5111968283982,1544.5196613286525
1544.5116968283983,1544.5201895432556
1544.5121968283984,1544.5207177391374
1544.5126968283985,1544.5212459162256
1544.5131968283986,1544.521774074449
1544.5136968283987,1544.5223022137357
1544.5141968283988,1544.5228303340143
1544.5146968283989,1544.523358435212
1544.515196828399,1544.5238865172576
1544.515696828399,1544.5244145800796
1544.5161968283992,1544.5249426236069
1544.5166968283993,1544.5254706477658
1544.5171968283994,1544.5259986524864
1544.5176968283995,1544.526526637696
1544.5181968283996,1544.527054603323
1544.5186968283997,1544.5275825492954
1544.5191968283998,1544.5281104755418
1544.5196968284,1544.5286383819907
1544.5201968284,1544.52916626857
1544.5206968284,1544.5296941352076
1544.5211968284002,1544.5302219818327
1544.5216968284003,1544.5307498083728
1544.5221968284004,1544.5312776147557
1544.5226968284005,1544.5318054009108
1544.5231968284006,1544.5323331667655
1544.5236968284007,1544.5328609122487
1544.5241968284008,1544.5333886372882
1544.524696828401,1544.5339163418118
1544.525196828401,1544.5344440257486
1544.5256968284011,1544.5349716890264
1544.5261968284012,1544.5354993315736
1544.5266968284013,1544.5360269533187
1544.5271968284014,1544.536554554189
1544.5276968284015,1544.5370821341137
1544.5281968284016,1544.5376096930206
1544.5286968284017,1544.5381372308384
1544.5291968284018,1544.5386647474945
1544.529696828402,1544.5391922429183
1544.530196828402,1544.5397197170369
1544.5306968284021,1544.5402471697791
1544.5311968284022,1544.5407746010726
1544.5316968284023,1544.541302010847
1544.5321968284024,1544.5418293990292
1544.5326968284025,1544.5423567655475
1544.5331968284027,1544.5428841103317
1544.5336968284028,1544.5434114333077
1544.5341968284029,1544.5439387344054
1544.534696828403,1544.5444660135524
1544.535196828403,1544.5449932706774
1544.5356968284032,1544.545520505708
1544.5361968284033,1544.5460477185732
1544.5366968284034,1544.5465749092007
1544.5371968284035,1544.5471020775187
1544.5376968284036,1544.5476292234557
1544.5381968284037,1544.5481563469402
1544.5386968284038,1544.5486834478997
1544.5391968284039,1544.5492105262629
1544.539696828404,1544.5497375819582
1544.540196828404,1544.5502646149139
1544.5406968284042,1544.5507916250576
1544.5411968284043,1544.5513186123176
1544.5416968284044,1544.5518455766232
1544.5421968284045,1544.5523725179016
1544.5426968284046,1544.5528994360811
1544.5431968284047,1544.5534263310903
1544.5436968284048,1544.5539532028579
1544.544196828405,1544.554480051311
1544.544696828405,1544.5550068763785
1544.545196828405,1544.5555336779887
1544.5456968284052,1544.5560604560699
1544.5461968284053,1544.5565872105499
1544.5466968284054,1544.557113941357
1544.5471968284055,1544.5576406484204
1544.5476968284056,1544.5581673316667
1544.5481968284057,1544.5586939910258
1544.5486968284058,1544.5592206264241
1544.549196828406,1544.5597472377917
1544.549696828406,1544.5602738250564
1544.5501968284061,1544.5608003881455
1544.5506968284062,1544.561326926988
1544.5511968284063,1544.561853441512
1544.5516968284064,1544.5623799316459
1544.5521968284065,1544.5629063973179
1544.5526968284066,1544.5634328384551
1544.5531968284067,1544.5639592549876
1544.5536968284068,1544.564485646843
1544.554196828407,1544.5650120139492
1544.554696828407,1544.5655383562346
1544.5551968284071,1544.5660646736271
1544.5556968284072,1544.5665909660554
1544.5561968284073,1544.5671172334478
1544.5566968284074,1544.5676434757322
1544.5571968284075,1544.5681696928373
1544.5576968284076,1544.568695884691
1544.5581968284077,1544.569222051221
1544.5586968284078,1544.5697481923567
1544.559196828408,1544.5702743080255
1544.559696828408,1544.5708003981558
1544.5601968284082,1544.5713264626768
1544.5606968284083,1544.5718525015152
1544.5611968284084,1544.5723785145997
1544.5616968284085,1544.5729045018595
1544.5621968284086,1544.573430463222
1544.5626968284087,1544.573956398615
1544.5631968284088,1544.5744823079679
1544.5636968284089,1544.575008191208
1544.564196828409,1544.5755340482647
1544.564696828409,1544.5760598790644
1544.5651968284092,1544.5765856835371
1544.5656968284093,1544.5771114616098
1544.5661968284094,1544.577637213212
1544.5666968284095,1544.5781629382702
1544.5671968284096,1544.5786886367148
1544.5676968284097,1544.579214308472
1544.5681968284098,1544.5797399534717
1544.5686968284099,1544.5802655716411
1544.56919682841,1544.5807911629086
1544.56969682841,1544.5813167272024
1544.5701968284102,1544.5818422644518
1544.5706968284103,1544.5823677745832
1544.5711968284104,1544.582893257526
1544.5716968284105,1544.5834187132084
1544.5721968284106,1544.5839441415585
1544.5726968284107,1544.5844695425048
1544.5731968284108,1544.5849949159754
1544.573696828411,1544.585520261898
1544.574196828411,1544.5860455802012
1544.574696828411,1544.5865708708134
1544.5751968284112,1544.5870961336632
1544.5756968284113,1544.5876213686777
1544.5761968284114,1544.5881465757866
1544.5766968284115,1544.5886717549165
1544.5771968284116,1544.5891969059971
1544.5776968284117,1544.589722028956
1544.5781968284118,1544.5902471237218
1544.578696828412,1544.590772190222
1544.579196828412,1544.5912972283854
1544.5796968284121,1544.5918222381401
1544.5801968284122,1544.5923472194147
1544.5806968284123,1544.5928721721368
1544.5811968284124,1544.5933970962353
1544.5816968284125,1544.5939219916377
1544.5821968284126,1544.5944468582732
1544.5826968284127,1544.594971696069
1544.5831968284128,1544.595496504954
1544.583696828413,1544.5960212848563
1544.584196828413,1544.5965460357045
1544.5846968284131,1544.597070757426
1544.5851968284132,1544.5975954499497
1544.5856968284133,1544.5981201132033
1544.5861968284134,1544.5986447471162
1544.5866968284136,1544.599169351615
1544.5871968284137,1544.5996939266292
1544.5876968284138,1544.6002184720865
1544.5881968284139,1544.600742987916
1544.588696828414,1544.6012674740446
1544.589196828414,1544.6017919304009
1544.5896968284142,1544.6023163569137
1544.5901968284143,1544.602840753511
1544.5906968284144,1544.6033651201205
1544.5911968284145,1544.6038894566716
1544.5916968284146,1544.6044137630918
1544.5921968284147,1544.6049380393092
1544.5926968284148,1544.605462285252
1544.5931968284149,1544.6059865008492
1544.593696828415,1544.6065106860283
1544.594196828415,1544.607034840718
1544.5946968284152,1544.6075589648465
1544.5951968284153,1544.6080830583414
1544.5956968284154,1544.6086071211319
1544.5961968284155,1544.6091311531452
1544.5966968284156,1544.6096551543108
1544.5971968284157,1544.6101791245555
1544.5976968284158,1544.6107030638088
1544.598196828416,1544.6112269719986
1544.598696828416,1544.6117508490522
1544.599196828416,1544.6122746948993
1544.5996968284162,1544.612798509467
1544.6001968284163,1544.6133222926844
1544.6006968284164,1544.6138460444793
1544.6011968284165,1544.6143697647801
1544.6016968284166,1544.6148934535142
1544.6021968284167,1544.6154171106118
1544.6026968284168,1544.6159407359992
1544.603196828417,1544.6164643296054
1544.603696828417,1544.6169878913586
1544.6041968284171,1544.6175114211871
1544.6046968284172,1544.6180349190192
1544.6051968284173,1544.618558384783
1544.6056968284174,1544.6190818184068
1544.6061968284175,1544.6196052198188
1544.6066968284176,1544.620128588947
1544.6071968284177,1544.6206519257203
1544.6076968284178,1544.6211752300665
1544.608196828418,1544.6216985019141
1544.608696828418,1544.6222217411905
1544.6091968284181,1544.6227449478251
1544.6096968284182,1544.6232681217457
1544.6101968284183,1544.6237912628799
1544.6106968284184,1544.6243143711572
1544.6111968284185,1544.6248374465047
1544.6116968284186,1544.625360488851
1544.6121968284187,1544.625883498125
1544.6126968284188,1544.6264064742536
1544.613196828419,1544.626929417167
1544.613696828419,1544.6274523267912
1544.6141968284192,1544.6279752030564
1544.6146968284193,1544.6284980458886
1544.6151968284194,1544.629020855219
1544.6156968284195,1544.6295436309733
1544.6161968284196,1544.6300663730813
1544.6166968284197,1544.6305890814697
1544.6171968284198,1544.6311117560683
1544.6176968284199,1544.6316343968042
1544.61819682842,1544.632157003607
1544.61869682842,1544.6326795764037
1544.6191968284202,1544.633202115123
1544.6196968284203,1544.6337246196929
1544.6201968284204,1544.634247090042
1544.6206968284205,1544.6347695260981
1544.6211968284206,1544.6352919277901
1544.6216968284207,1544.635814295046
1544.6221968284208,1544.6363366277938
1544.6226968284209,1544.6368589259614
1544.623196828421,1544.6373811894778
1544.623696828421,1544.6379034182708
1544.6241968284212,1544.638425612269
1544.6246968284213,1544.6389477714001
1544.6251968284214,1544.639469895593
1544.6256968284215,1544.6399919847756
1544.6261968284216,1544.640514038876
1544.6266968284217,1544.6410360578227
1544.6271968284218,1544.641558041544
1544.627696828422,1544.6420799899672
1544.628196828422,1544.6426019030223
1544.628696828422,1544.643123780636
1544.6291968284222,1544.6436456227373
1544.6296968284223,1544.6441674292541
1544.6301968284224,1544.6446892001152
1544.6306968284225,1544.645210935248
1544.6311968284226,1544.6457326345815
1544.6316968284227,1544.6462542980432
1544.6321968284228,1544.6467759255622
1544.632696828423,1544.6472975170664
1544.633196828423,1544.6478190724833
1544.6336968284231,1544.648340591742
1544.6341968284232,1544.6488620747712
1544.6346968284233,1544.6493835214978
1544.6351968284234,1544.6499049318509
1544.6356968284235,1544.6504263057586
1544.6361968284236,1544.6509476431493
1544.6366968284237,1544.6514689439507
1544.6371968284238,1544.6519902080915
1544.637696828424,1544.6525114355
1544.638196828424,1544.6530326261043
1544.6386968284241,1544.6535537798325
1544.6391968284242,1544.6540748966127
1544.6396968284243,1544.654595976374
1544.6401968284245,1544.6551170190437
1544.6406968284246,1544.6556380245506
1544.6411968284247,1544.6561589928224
1544.6416968284248,1544.656679923788
1544.6421968284249,1544.6572008173753
1544.642696828425,1544.6577216735125
1544.643196828425,1544.658242492128
1544.6436968284252,1544.6587632731496
1544.6441968284253,1544.6592840165063
1544.6446968284254,1544.659804722126
1544.6451968284255,1544.6603253899366
1544.6456968284256,1544.6608460198665
1544.6461968284257,1544.6613666118446
1544.6466968284258,1544.6618871657984
1544.6471968284259,1544.6624076816558
1544.647696828426,1544.6629281593462
1544.648196828426,1544.6634485987977
1544.6486968284262,1544.6639689999372
1544.6491968284263,1544.664489362694
1544.6496968284264,1544.6650096869962
1544.6501968284265,1544.6655299727724
1544.6506968284266,1544.6660502199502
1544.6511968284267,1544.6665704284583
1544.6516968284268,1544.6670905982246
1544.652196828427,1544.6676107291773
1544.652696828427,1544.6681308212449
1544.653196828427,1544.6686508743555
1544.6536968284272,1544.6691708884375
1544.6541968284273,1544.6696908634194
1544.6546968284274,1544.6702107992292
1544.6551968284275,1544.6707306957944
1544.6556968284276,1544.6712505530443
1544.6561968284277,1544.6717703709064
1544.6566968284278,1544.6722901493097
1544.657196828428,1544.6728098881817
1544.657696828428,1544.6733295874512
1544.6581968284281,1544.6738492470463
1544.6586968284282,1544.6743688668948
1544.6591968284283,1544.6748884469255
1544.6596968284284,1544.6754079870664
1544.6601968284285,1544.6759274872456
1544.6606968284286,1544.6764469473922
1544.6611968284287,1544.6769663674327
1544.6616968284288,1544.6774857472972
1544.662196828429,1544.678005086913
1544.662696828429,1544.6785243862084
1544.6631968284291,1544.679043645112
1544.6636968284292,1544.6795628635512
1544.6641968284293,1544.680082041455
1544.6646968284294,1544.6806011787517
1544.6651968284295,1544.6811202753695
1544.6656968284296,1544.681639331236
1544.6661968284297,1544.6821583462804
1544.6666968284298,1544.6826773204298
1544.66719682843,1544.6831962536137
1544.66769682843,1544.683715145759
1544.6681968284302,1544.6842339967957
1544.6686968284303,1544.68475280665
1544.6691968284304,1544.6852715752516
1544.6696968284305,1544.6857903025282
1544.6701968284306,1544.6863089884082
1544.6706968284307,1544.6868276328196
1544.6711968284308,1544.6873462356912
1544.6716968284309,1544.6878647969506
1544.672196828431,1544.6883833165266
1544.672696828431,1544.688901794347
1544.6731968284312,1544.68942023034
1544.6736968284313,1544.6899386244343
1544.6741968284314,1544.6904569765575
1544.6746968284315,1544.690975286639
1544.6751968284316,1544.6914935546054
1544.6756968284317,1544.6920117803866
1544.6761968284318,1544.6925299639092
1544.676696828432,1544.6930481051031
1544.677196828432,1544.6935662038952
1544.677696828432,1544.6940842602144
1544.6781968284322,1544.6946022739892
1544.6786968284323,1544.695120245147
1544.6791968284324,1544.6956381736165
1544.6796968284325,1544.6961560593263
1544.6801968284326,1544.6966739022048
1544.6806968284327,1544.6971917021785
1544.6811968284328,1544.6977094591775
1544.681696828433,1544.6982271731297
1544.682196828433,1544.6987448439631
1544.682696828433,1544.6992624716054
1544.6831968284332,1544.6997800559855
1544.6836968284333,1544.7002975970315
1544.6841968284334,1544.700815094672
1544.6846968284335,1544.7013325488344
1544.6851968284336,1544.7018499594478
1544.6856968284337,1544.7023673264396
1544.6861968284338,1544.7028846497392
1544.686696828434,1544.703401929274
1544.687196828434,1544.703919164972
1544.6876968284341,1544.704436356762
1544.6881968284342,1544.7049535045721
1544.6886968284343,1544.7054706083309
1544.6891968284344,1544.7059876679657
1544.6896968284345,1544.7065046834061
1544.6901968284346,1544.7070216545787
1544.6906968284347,1544.707538581413
1544.6911968284348,1544.7080554638367
1544.691696828435,1544.7085723017785
1544.692196828435,1544.709089095166
1544.6926968284351,1544.709605843928
1544.6931968284352,1544.7101225479926
1544.6936968284353,1544.7106392072878
1544.6941968284355,1544.711155821742
1544.6946968284356,1544.7116723912836
1544.6951968284357,1544.7121889158402
1544.6956968284358,1544.712705395341
1544.6961968284359,1544.7132218297138
1544.696696828436,1544.7137382188866
1544.697196828436,1544.714254562788
1544.6976968284362,1544.714770861346
1544.6981968284363,1544.7152871144895
1544.6986968284364,1544.7158033221456
1544.6991968284365,1544.716319484243
1544.6996968284366,1544.7168356007103
1544.7001968284367,1544.7173516714759
1544.7006968284368,1544.7178676964675
1544.7011968284369,1544.7183836756133
1544.701696828437,1544.7188996088416
1544.702196828437,1544.719415496081
1544.7026968284372,1544.7199313372594
1544.7031968284373,1544.7204471323053
1544.7036968284374,1544.7209628811468
1544.7041968284375,1544.7214785837125
1544.7046968284376,1544.72199423993
1544.7051968284377,1544.7225098497279
1544.7056968284378,1544.7230254130345
1544.706196828438,1544.723540929778
1544.706696828438,1544.7240563998866
1544.707196828438,1544.7245718232875
1544.7076968284382,1544.7250871999113
1544.7081968284383,1544.7256025296847
1544.7086968284384,1544.7261178125357
1544.7091968284385,1544.726633048393
1544.7096968284386,1544.7271482371855
1544.7101968284387,1544.7276633788401
1544.7106968284388,1544.728178473286
1544.711196828439,1544.7286935204506
1544.711696828439,1544.729208520264
1544.7121968284391,1544.729723472652
1544.7126968284392,1544.7302383775445
1544.7131968284393,1544.730753234869
1544.7136968284394,1544.7312680445543
1544.7141968284395,1544.7317828065284
1544.7146968284396,1544.7322975207194
1544.7151968284397,1544.7328121870553
1544.7156968284398,1544.7333268054645
1544.71619682844,1544.7338413758762
1544.71669682844,1544.7343558982172
1544.7171968284401,1544.7348703724163
1544.7176968284402,1544.7353847984023
1544.7181968284403,1544.735899176103
1544.7186968284404,1544.7364135054463
1544.7191968284405,1544.7369277863606
1544.7196968284406,1544.7374420187746
1544.7201968284407,1544.7379562026165
1544.7206968284409,1544.7384703378136
1544.721196828441,1544.7389844242953
1544.721696828441,1544.7394984619896
1544.7221968284412,1544.7400124508245
1544.7226968284413,1544.7405263907276
1544.7231968284414,1544.741040281628
1544.7236968284415,1544.741554123454
1544.7241968284416,1544.7420679161337
1544.7246968284417,1544.742581659595
1544.7251968284418,1544.7430953537662
1544.7256968284419,1544.7436089985763
1544.726196828442,1544.7441225939526
1544.726696828442,1544.744636139824
1544.7271968284422,1544.7451496361177
1544.7276968284423,1544.7456630827635
1544.7281968284424,1544.7461764796883
1544.7286968284425,1544.7466898268212
1544.7291968284426,1544.7472031240902
1544.7296968284427,1544.7477163714232
1544.7301968284428,1544.748229568749
1544.730696828443,1544.7487427159951
1544.731196828443,1544.7492558130905
1544.731696828443,1544.7497688599628
1544.7321968284432,1544.7502818565413
1544.7326968284433,1544.7507948027528
1544.7331968284434,1544.7513076985267
1544.7336968284435,1544.7518205437905
1544.7341968284436,1544.7523333384734
1544.7346968284437,1544.752846082502
1544.7351968284438,1544.7533587758062
1544.735696828444,1544.7538714183133
1544.736196828444,1544.754384009952
1544.736696828444,1544.7548965506508
1544.7371968284442,1544.7554090403369
1544.7376968284443,1544.755921478939
1544.7381968284444,1544.7564338663863
1544.7386968284445,1544.7569462026054
1544.7391968284446,1544.7574584875256
1544.7396968284447,1544.7579707210753
1544.7401968284448,1544.758482903182
1544.740696828445,1544.758995033775
1544.741196828445,1544.759507112781
1544.7416968284451,1544.7600191401293
1544.7421968284452,1544.7605311157906
1544.7426968284453,1544.7610430398422
1544.7431968284454,1544.7615549123766
1544.7436968284455,1544.7620667334868
1544.7441968284456,1544.7625785032662
1544.7446968284457,1544.7630902218073
1544.7451968284458,1544.7636018892035
1544.745696828446,1544.7641135055485
1544.746196828446,1544.7646250709345
1544.7466968284461,1544.765136585455
1544.7471968284462,1544.765648049203
1544.7476968284464,1544.7661594622707
1544.7481968284465,1544.766670824753
1544.7486968284466,1544.7671821367414
1544.7491968284467,1544.7676933983294
1544.7496968284468,1544.7682046096104
1544.7501968284469,1544.768715770677
1544.750696828447,1544.769226881623
1544.751196828447,1544.7697379425401
1544.7516968284472,1544.7702489535225
1544.7521968284473,1544.7707599146636
1544.7526968284474,1544.7712708260553
1544.7531968284475,1544.7717816877912
1544.7536968284476,1544.7722924999648
1544.7541968284477,1544.7728032626683
1544.7546968284478,1544.773313975995
1544.7551968284479,1544.7738246400384
1544.755696828448,1544.7743352548916
1544.756196828448,1544.7748458206474
1544.7566968284482,1544.7753563373985
1544.7571968284483,1544.7758668052386
1544.7576968284484,1544.7763772242604
1544.7581968284485,1544.776887594557
1544.7586968284486,1544.7773979162216
1544.7591968284487,1544.7779081893473
1544.7596968284488,1544.7784184140269
1544.760196828449,1544.7789285903539
1544.760696828449,1544.7794387184204
1544.761196828449,1544.779948798321
1544.7616968284492,1544.7804588301474
1544.7621968284493,1544.7809688139937
1544.7626968284494,1544.7814787499517
1544.7631968284495,1544.7819886381158
1544.7636968284496,1544.7824984785782
1544.7641968284497,1544.7830082714324
1544.7646968284498,1544.7835180167713
1544.76519682845,1544.7840277146881
1544.76569682845,1544.7845373652758
1544.7661968284501,1544.785046968627
1544.7666968284502,1544.7855565248353
1544.7671968284503,1544.7860660339938
1544.7676968284504,1544.7865754961956
1544.7681968284505,1544.7870849115334
1544.7686968284506,1544.7875942801006
1544.7691968284507,1544.7881036019899
1544.7696968284508,1544.7886128772943
1544.770196828451,1544.7891221061075
1544.770696828451,1544.789631288522
1544.7711968284511,1544.7901404246313
1544.7716968284512,1544.7906495145285
1544.7721968284513,1544.7911585583058
1544.7726968284514,1544.7916675560568
1544.7731968284515,1544.7921765078756
1544.7736968284516,1544.7926854138534
1544.7741968284517,1544.7931942740845
1544.7746968284519,1544.7937030886612
1544.775196828452,1544.7942118576773
1544.775696828452,1544.7947205812259
1544.7761968284522,1544.7952292593995
1544.7766968284523,1544.795737892291
1544.7771968284524,1544.7962464799946
1544.7776968284525,1544.7967550226022
1544.7781968284526,1544.7972635202075
1544.7786968284527,1544.797771972903
1544.7791968284528,1544.7982803807824
1544.7796968284529,1544.7987887439385
1544.780196828453,1544.7992970624641
1544.780696828453,1544.799805336453
1544.7811968284532,1544.800313565997
1544.7816968284533,1544.8008217511904
1544.7821968284534,1544.8013298921258
1544.7826968284535,1544.8018379888965
1544.7831968284536,1544.802346041595
1544.7836968284537,1544.802854050315
1544.7841968284538,1544.803362015149
1544.784696828454,1544.8038699361905
1544.785196828454,1544.8043778135325
1544.785696828454,1544.8048856472678
1544.7861968284542,1544.8053934374898
1544.7866968284543,1544.805901184291
1544.7871968284544,1544.8064088877654
1544.7876968284545,1544.8069165480051
1544.7881968284546,1544.8074241651043
1544.7886968284547,1544.8079317391546
1544.7891968284548,1544.8084392702503
1544.789696828455,1544.8089467584832
1544.790196828455,1544.8094542039487
1544.790696828455,1544.809961606737
1544.7911968284552,1544.8104689669433
1544.7916968284553,1544.8109762846593
1544.7921968284554,1544.8114835599788
1544.7926968284555,1544.8119907929943
1544.7931968284556,1544.8124979837999
1544.7936968284557,1544.8130051324877
1544.7941968284558,1544.8135122391516
1544.794696828456,1544.8140193038837
1544.795196828456,1544.8145263267775
1544.7956968284561,1544.8150333079261
1544.7961968284562,1544.8155402474226
1544.7966968284563,1544.8160471453602
1544.7971968284564,1544.8165540018315
1544.7976968284565,1544.8170608169298
1544.7981968284566,1544.8175675907485
1544.7986968284567,1544.8180743233806
1544.7991968284568,1544.8185810149182
1544.799696828457,1544.8190876654558
1544.800196828457,1544.8195942750858
1544.8006968284571,1544.8201008439007
1544.8011968284573,1544.8206073719946
1544.8016968284574,1544.8211138594595
1544.8021968284575,1544.8216203063894
1544.8026968284576,1544.8221267128772
1544.8031968284577,1544.8226330790158
1544.8036968284578,1544.8231394048978
1544.8041968284579,1544.823645690617
1544.804696828458,1544.824151936266
1544.805196828458,1544.824658141938
1544.8056968284582,1544.8251643077265
1544.8061968284583,1544.825670433724
1544.8066968284584,1544.8261765200234
1544.8071968284585,1544.826682566718
1544.8076968284586,1544.8271885739018
1544.8081968284587,1544.8276945416662
1544.8086968284588,1544.8282004701055
1544.8091968284589,1544.8287063593123
1544.809696828459,1544.8292122093796
1544.810196828459,1544.8297180204006
1544.8106968284592,1544.8302237924688
1544.8111968284593,1544.8307295256761
1544.8116968284594,1544.831235220117
1544.8121968284595,1544.8317408758835
1544.8126968284596,1544.832246493069
1544.8131968284597,1544.8327520717667
1544.8136968284598,1544.8332576120697
1544.81419682846,1544.83376311407
1544.81469682846,1544.8342685778628
1544.81519682846,1544.8347740035395
1544.8156968284602,1544.8352793911931
1544.8161968284603,1544.8357847409177
1544.8166968284604,1544.8362900528057
1544.8171968284605,1544.8367953269506
1544.8176968284606,1544.8373005634448
1544.8181968284607,1544.8378057623818
1544.8186968284608,1544.8383109238548
1544.819196828461,1544.8388160479567
1544.819696828461,1544.8393211347804
1544.8201968284611,1544.8398261844193
1544.8206968284612,1544.8403311969657
1544.8211968284613,1544.840836172514
1544.8216968284614,1544.841341111156
1544.8221968284615,1544.8418460129856
1544.8226968284616,1544.842350878095
1544.8231968284617,1544.8428557065783
1544.8236968284618,1544.8433604985278
1544.824196828462,1544.8438652540365
1544.824696828462,1544.8443699731988
1544.8251968284621,1544.844874656106
1544.8256968284622,1544.8453793028523
1544.8261968284623,1544.8458839135303
1544.8266968284624,1544.8463884882326
1544.8271968284625,1544.8468930270535
1544.8276968284626,1544.8473975300856
1544.8281968284628,1544.847901997421
1544.8286968284629,1544.848406429154
1544.829196828463,1544.8489108253766
1544.829696828463,1544.8494151861835
1544.8301968284632,1544.8499195116658
1544.8306968284633,1544.850423801918
1544.8311968284634,1544.850928057032
1544.8316968284635,1544.851432277102
1544.8321968284636,1544.851936462221
1544.8326968284637,1544.8524406124811
1544.8331968284638,1544.852944727976
1544.8336968284639,1544.8534488087982
1544.834196828464,1544.853952855042
1544.834696828464,1544.8544568667996
1544.8351968284642,1544.8549608441642
1544.8356968284643,1544.8554647872281
1544.8361968284644,1544.8559686960855
1544.8366968284645,1544.85647257083
1544.8371968284646,1544.8569764115523
1544.8376968284647,1544.8574802183477
1544.8381968284648,1544.8579839913084
1544.838696828465,1544.8584877305273
1544.839196828465,1544.858991436098
1544.839696828465,1544.8594951081132
1544.8401968284652,1544.8599987466657
1544.8406968284653,1544.8605023518496
1544.8411968284654,1544.8610059237565
1544.8416968284655,1544.8615094624806
1544.8421968284656,1544.8620129681146
1544.8426968284657,1544.8625164407517
1544.8431968284658,1544.8630198804847
1544.843696828466,1544.8635232874065
1544.844196828466,1544.8640266616105
1544.844696828466,1544.8645300031903
1544.8451968284662,1544.8650333122375
1544.8456968284663,1544.8655365888467
1544.8461968284664,1544.86603983311
1544.8466968284665,1544.866543045121
1544.8471968284666,1544.867046224972
1544.8476968284667,1544.8675493727574
1544.8481968284668,1544.8680524885694
1544.848696828467,1544.8685555725012
1544.849196828467,1544.8690586246453
1544.8496968284671,1544.8695616450952
1544.8501968284672,1544.8700646339448
1544.8506968284673,1544.8705675912856
1544.8511968284674,1544.871070517212
1544.8516968284675,1544.8715734118166
1544.8521968284676,1544.872076275192
1544.8526968284677,1544.8725791074319
1544.8531968284678,1544.873081908629
1544.853696828468,1544.8735846788768
1544.854196828468,1544.8740874182677
1544.8546968284681,1544.874590126895
1544.8551968284683,1544.8750928048526
1544.8556968284684,1544.8755954522326
1544.8561968284685,1544.876098069128
1544.8566968284686,1544.8766006556327
1544.8571968284687,1544.8771032118386
1544.8576968284688,1544.8776057378398
1544.8581968284689,1544.8781082337293
1544.858696828469,1544.8786106995994
1544.859196828469,1544.8791131355438
1544.8596968284692,1544.8796155416553
1544.8601968284693,1544.880117918027
1544.8606968284694,1544.8806202647525
1544.8611968284695,1544.881122581924
1544.8616968284696,1544.8816248696348
1544.8621968284697,1544.8821271279785
1544.8626968284698,1544.882629357047
1544.8631968284699,1544.883131556935
1544.86369682847,1544.8836337277346
1544.86419682847,1544.8841358695388
1544.8646968284702,1544.8846379824406
1544.8651968284703,1544.885140066534
1544.8656968284704,1544.8856421219107
1544.8661968284705,1544.8861441486652
1544.8666968284706,1544.8866461468888
1544.8671968284707,1544.8871481166766
1544.8676968284708,1544.8876500581198
1544.868196828471,1544.8881519713127
1544.868696828471,1544.888653856348
1544.869196828471,1544.8891557133184
1544.8696968284712,1544.8896575423175
1544.8701968284713,1544.8901593434384
1544.8706968284714,1544.8906611167738
1544.8711968284715,1544.8911628624169
1544.8716968284716,1544.8916645804609
1544.8721968284717,1544.8921662709984
1544.8726968284718,1544.892667934123
1544.873196828472,1544.8931695699277
1544.873696828472,1544.8936711785054
1544.8741968284721,1544.8941727599488
1544.8746968284722,1544.8946743143515
1544.8751968284723,1544.8951758418061
1544.8756968284724,1544.8956773424068
1544.8761968284725,1544.8961788162455
1544.8766968284726,1544.8966802634159
1544.8771968284727,1544.8971816840105
1544.8776968284728,1544.8976830781228
1544.878196828473,1544.8981844458453
1544.878696828473,1544.898685787272
1544.8791968284731,1544.899187102495
1544.8796968284732,1544.899688391608
1544.8801968284733,1544.9001896547036
1544.8806968284734,1544.9006908918755
1544.8811968284735,1544.9011921032165
1544.8816968284737,1544.9016932888196
1544.8821968284738,1544.9021944487777
1544.8826968284739,1544.902695583184
1544.883196828474,1544.9031966921314
1544.883696828474,1544.9036977757137
1544.8841968284742,1544.9041988340227
1544.8846968284743,1544.9046998671524
1544.8851968284744,1544.905200875196
1544.8856968284745,1544.9057018582455
1544.8861968284746,1544.9062028163955
1544.8866968284747,1544.9067037497377
1544.8871968284748,1544.9072046583658
1544.8876968284749,1544.907705542373
1544.888196828475,1544.908206401852
1544.888696828475,1544.908707236896
1544.8891968284752,1544.9092080475975
1544.8896968284753,1544.9097088340507
1544.8901968284754,1544.9102095963483
1544.8906968284755,1544.9107103345832
1544.8911968284756,1544.9112110488481
1544.8916968284757,1544.9117117392361
1544.8921968284758,1544.9122124058408
1544.892696828476,1544.9127130487554
1544.893196828476,1544.913213668072
1544.893696828476,1544.9137142638845
1544.8941968284762,1544.9142148362857
1544.8946968284763,1544.9147153853692
1544.8951968284764,1544.915215911227
1544.8956968284765,1544.9157164139526
1544.8961968284766,1544.9162168936398
1544.8966968284767,1544.9167173503802
1544.8971968284768,1544.9172177842684
1544.897696828477,1544.9177181953967
1544.898196828477,1544.9182185838579
1544.8986968284771,1544.9187189497454
1544.8991968284772,1544.9192192931525
1544.8996968284773,1544.9197196141722
1544.9001968284774,1544.9202199128974
1544.9006968284775,1544.920720189421
1544.9011968284776,1544.921220443836
1544.9016968284777,1544.921720676236
1544.9021968284778,1544.9222208867136
1544.902696828478,1544.9227210753622
1544.903196828478,1544.9232212422746
1544.9036968284781,1544.923721387544
1544.9041968284782,1544.9242215112633
1544.9046968284783,1544.9247216135261
1544.9051968284784,1544.9252216944249
1544.9056968284785,1544.9257217540528
1544.9061968284786,1544.9262217925032
1544.9066968284787,1544.9267218098685
1544.9071968284788,1544.9272218062424
1544.907696828479,1544.927721781718
1544.908196828479,1544.9282217363882
1544.9086968284792,1544.928721670346
1544.9091968284793,1544.9292215836842
1544.9096968284794,1544.9297214764965
1544.9101968284795,1544.9302213488754
1544.9106968284796,1544.9307212009144
1544.9111968284797,1544.931221032706
1544.9116968284798,1544.931720844344
1544.9121968284799,1544.9322206359209
1544.91269682848,1544.9327204075298
1544.91319682848,1544.9332201592642
1544.9136968284802,1544.9337198912167
1544.9141968284803,1544.9342196034804
1544.9146968284804,1544.9347192961488
1544.9151968284805,1544.935218969315
1544.9156968284806,1544.9357186230711
1544.9161968284807,1544.936218257511
1544.9166968284808,1544.9367178727273
1544.9171968284809,1544.937217468814
1544.917696828481,1544.9377170458633
1544.918196828481,1544.9382166039682
1544.9186968284812,1544.938716143222
1544.9191968284813,1544.9392156637182
1544.9196968284814,1544.9397151655494
1544.9201968284815,1544.9402146488083
1544.9206968284816,1544.9407141135887
1544.9211968284817,1544.9412135599832
1544.9216968284818,1544.9417129880853
1544.922196828482,1544.9422123979873
1544.922696828482,1544.9427117897835
1544.923196828482,1544.9432111635656
1544.9236968284822,1544.9437105194277
1544.9241968284823,1544.944209857462
1544.9246968284824,1544.9447091777631
1544.9251968284825,1544.945208480422
1544.9256968284826,1544.945707765533
1544.9261968284827,1544.9462070331883
1544.9266968284828,1544.9467062834826
1544.927196828483,1544.9472055165077
1544.927696828483,1544.9477047323564
1544.9281968284831,1544.9482039311229
1544.9286968284832,1544.9487031128992
1544.9291968284833,1544.9492022777792
1544.9296968284834,1544.9497014258552
1544.9301968284835,1544.9502005572208
1544.9306968284836,1544.9506996719688
1544.9311968284837,1544.9511987701928
1544.9316968284838,1544.951697851985
1544.932196828484,1544.9521969174393
1544.932696828484,1544.9526959666482
1544.9331968284841,1544.9531949997047
1544.9336968284842,1544.9536940167027
1544.9341968284843,1544.9541930177338
1544.9346968284844,1544.9546920028924
1544.9351968284845,1544.955190972271
1544.9356968284847,1544.9556899259633
1544.9361968284848,1544.9561888640612
1544.9366968284849,1544.9566877866587
1544.937196828485,1544.9571866938484
1544.937696828485,1544.9576855857235
1544.9381968284852,1544.9581844623772
1544.9386968284853,1544.9586833239027
1544.9391968284854,1544.9591821703923
1544.9396968284855,1544.9596810019398
1544.9401968284856,1544.9601798186386
1544.9406968284857,1544.9606786205804
1544.9411968284858,1544.9611774078596
1544.9416968284859,1544.9616761805685
1544.942196828486,1544.9621749388007
1544.942696828486,1544.9626736826488
1544.9431968284862,1544.9631724122062
1544.9436968284863,1544.9636711275652
1544.9441968284864,1544.9641698288203
1544.9446968284865,1544.964668516063
1544.9451968284866,1544.9651671893878
1544.9456968284867,1544.965665848887
1544.9461968284868,1544.9661644946536
1544.946696828487,1544.9666631267808
1544.947196828487,1544.9671617453619
1544.947696828487,1544.9676603504893
1544.9481968284872,1544.9681589422567
1544.9486968284873,1544.968657520757
1544.9491968284874,1544.969156086083
1544.9496968284875,1544.9696546383284
1544.9501968284876,1544.9701531775856
1544.9506968284877,1544.9706517039483
1544.9511968284878,1544.9711502175087
1544.951696828488,1544.971648718361
1544.952196828488,1544.9721472065971
1544.9526968284881,1544.9726456823107
1544.9531968284882,1544.973144145595
1544.9536968284883,1544.9736425965425
1544.9541968284884,1544.974141035247
1544.9546968284885,1544.9746394618007
1544.9551968284886,1544.9751378762976
1544.9556968284887,1544.97563627883
1544.9561968284888,1544.9761346694913
1544.956696828489,1544.976633048374
1544.957196828489,1544.9771314155726
1544.9576968284891,1544.977629771179
1544.9581968284892,1544.9781281152864
1544.9586968284893,1544.9786264479876
1544.9591968284894,1544.9791247693768
1544.9596968284895,1544.979623079546
1544.9601968284896,1544.9801213785884
1544.9606968284897,1544.9806196665975
1544.9611968284898,1544.9811179436658
1544.96169682849,1544.9816162098869
1544.96219682849,1544.982114465354
1544.9626968284902,1544.9826127101592
1544.9631968284903,1544.9831109443962
1544.9636968284904,1544.983609168159
1544.9641968284905,1544.9841073815385
1544.9646968284906,1544.9846055846297
1544.9651968284907,1544.9851037775247
1544.9656968284908,1544.985601960317
1544.9661968284909,1544.986100133099
1544.966696828491,1544.9865982959643
1544.967196828491,1544.9870964490062
1544.9676968284912,1544.9875945923175
1544.9681968284913,1544.988092725991
1544.9686968284914,1544.9885908501203
1544.9691968284915,1544.9890889647982
1544.9696968284916,1544.9895870701173
1544.9701968284917,1544.990085166171
1544.9706968284918,1544.9905832530535
1544.9711968284919,1544.9910813308559
1544.971696828492,1544.9915793996724
1544.972196828492,1544.9920774595957
1544.9726968284922,1544.9925755107192
1544.9731968284923,1544.9930735531361
1544.9736968284924,1544.9935715869387
1544.9741968284925,1544.9940696122208
1544.9746968284926,1544.9945676290752
1544.9751968284927,1544.9950656375945
1544.9756968284928,1544.9955636378727
1544.976196828493,1544.996061630002
1544.976696828493,1544.9965596140762
1544.977196828493,1544.997057590188
1544.9776968284932,1544.9975555584303
1544.9781968284933,1544.9980535188963
1544.9786968284934,1544.9985514716795
1544.9791968284935,1544.9990494168721
1544.9796968284936,1544.9995473545678
1544.9801968284937,1545.0000452848597
1544.9806968284938,1545.0005432078406
1544.981196828494,1545.0010411236037
1544.981696828494,1545.001539032242
1544.9821968284941,1545.002036933848
1544.9826968284942,1545.002534828516
1544.9831968284943,1545.003032716338
1544.9836968284944,1545.0035305974077
1544.9841968284945,1545.0040284718182
1544.9846968284946,1545.0045263396619
1544.9851968284947,1545.0050242010327
1544.9856968284948,1545.0055220560225
1544.986196828495,1545.006019904726
1544.986696828495,1545.0065177472347
1544.9871968284951,1545.0070155836427
1544.9876968284952,1545.0075134140423
1544.9881968284953,1545.0080112385274
1544.9886968284954,1545.0085090571902
1544.9891968284956,1545.009006870124
1544.9896968284957,1545.0095046774227
1544.9901968284958,1545.0100024791786
1544.9906968284959,1545.0105002754847
1544.991196828496,1545.0109980664345
1544.991696828496,1545.0114958521206
1544.9921968284962,1545.0119936326364
1544.9926968284963,1545.0124914080748
1544.9931968284964,1545.012989178529
1544.9936968284965,1545.0134869440915
1544.9941968284966,1545.0139847048563
1544.9946968284967,1545.014482460916
1544.9951968284968,1545.0149802123638
1544.9956968284969,1545.0154779592924
1544.996196828497,1545.015975701795
1544.996696828497,1545.016473439965
1544.9971968284972,1545.0169711738954
1544.9976968284973,1545.017468903679
1544.9981968284974,1545.0179666294086
1544.9986968284975,1545.0184643511782
1544.9991968284976,1545.0189620690796
1544.9996968284977,1545.0194597832076
1545.0001968284978,1545.019957493653
1545.000696828498,1545.0204552005112
1545.001196828498,1545.0209529038734
1545.001696828498,1545.0214506038337
1545.0021968284982,1545.021948300485
1545.0026968284983,1545.0224459939202
1545.0031968284984,1545.0229436842326
1545.0036968284985,1545.0234413715148
1545.0041968284986,1545.0239390558602
1545.0046968284987,1545.024436737362
1545.0051968284988,1545.0249344161132
1545.005696828499,1545.0254320922065
1545.006196828499,1545.025929765735
1545.0066968284991,1545.0264274367923
1545.0071968284992,1545.0269251054715
1545.0076968284993,1545.0274227718646
1545.0081968284994,1545.027920436066
1545.0086968284995,1545.0284180981678
1545.0091968284996,1545.0289157582638
1545.0096968284997,1545.029413416446
1545.0101968284998,1545.0299110728085
1545.0106968285,1545.0304087274446
1545.0111968285,1545.0309063804457
1545.0116968285001,1545.031404031907
1545.0121968285002,1545.0319016819196
1545.0126968285003,1545.032399330578
1545.0131968285004,1545.0328969779746
1545.0136968285005,1545.0333946242026
1545.0141968285006,1545.0338922693552
1545.0146968285007,1545.0343899135255
1545.0151968285008,1545.034887556806
1545.015696828501,1545.0353851992902
1545.016196828501,1545.0358828410713
1545.0166968285012,1545.0363804822423
1545.0171968285013,1545.036878122896
1545.0176968285014,1545.0373757631255
1545.0181968285015,1545.0378734030244
1545.0186968285016,1545.038371042685
1545.0191968285017,1545.038868682201
1545.0196968285018,1545.0393663216648
1545.0201968285019,1545.03986396117
1545.020696828502,1545.0403616008095
1545.021196828502,1545.0408592406766
1545.0216968285022,1545.0413568808642
1545.0221968285023,1545.041854521466
1545.0226968285024,1545.042352162573
1545.0231968285025,1545.0428498042804
1545.0236968285026,1545.0433474466802
1545.0241968285027,1545.043845089866
1545.0246968285028,1545.0443427339308
1545.0251968285029,1545.0448403789674
1545.025696828503,1545.0453380250692
1545.026196828503,1545.0458356723284
1545.0266968285032,1545.0463333208393
1545.0271968285033,1545.046830970694
1545.0276968285034,1545.047328621986
1545.0281968285035,1545.0478262748086
1545.0286968285036,1545.0483239292546
1545.0291968285037,1545.0488215854168
1545.0296968285038,1545.0493192433885
1545.030196828504,1545.0498169032628
1545.030696828504,1545.050314565133
1545.031196828504,1545.0508122290914
1545.0316968285042,1545.0513098952322
1545.0321968285043,1545.0518075636471
1545.0326968285044,1545.0523052344308
1545.0331968285045,1545.0528029076747
1545.0336968285046,1545.053300583473
1545.0341968285047,1545.053798261918
1545.0346968285048,1545.0542959431036
1545.035196828505,1545.0547936271225
1545.035696828505,1545.0552913140677
1545.0361968285051,1545.055789004032
1545.0366968285052,1545.0562866971084
1545.0371968285053,1545.056784393391
1545.0376968285054,1545.057282092972
1545.0381968285055,1545.057779795944
1545.0386968285056,1545.058277502401
1545.0391968285057,1545.0587752124363
1545.0396968285058,1545.059272926142
1545.040196828506,1545.059770643612
1545.040696828506,1545.060268364938
1545.0411968285061,1545.0607660902149
1545.0416968285062,1545.0612638195348
1545.0421968285063,1545.061761552991
1545.0426968285065,1545.0622592906755
1545.0431968285066,1545.062757032683
1545.0436968285067,1545.0632547791054
1545.0441968285068,1545.063752530037
1545.0446968285069,1545.0642502855696
1545.045196828507,1545.0647480457967
1545.045696828507,1545.0652458108111
1545.0461968285072,1545.0657435807066
1545.0466968285073,1545.0662413555758
1545.0471968285074,1545.0667391355116
1545.0476968285075,1545.0672369206077
1545.0481968285076,1545.0677347109565
1545.0486968285077,1545.0682325066514
1545.0491968285078,1545.0687303077848
1545.0496968285079,1545.0692281144509
1545.050196828508,1545.069725926742
1545.050696828508,1545.0702237447517
1545.0511968285082,1545.0707215685723
1545.0516968285083,1545.071219398298
1545.0521968285084,1545.0717172340203
1545.0526968285085,1545.0722150758334
1545.0531968285086,1545.07271292383
1545.0536968285087,1545.0732107781034
1545.0541968285088,1545.0737086387467
1545.054696828509,1545.0742065058525
1545.055196828509,1545.0747043795147
1545.055696828509,1545.0752022598251
1545.0561968285092,1545.075700146878
1545.0566968285093,1545.0761980407656
1545.0571968285094,1545.0766959415816
1545.0576968285095,1545.0771938494183
1545.0581968285096,1545.07769176437
1545.0586968285097,1545.0781896865285
1545.0591968285098,1545.0786876159877
1545.05969682851,1545.07918555284
1545.06019682851,1545.0796834971788
1545.0606968285101,1545.0801814490976
1545.0611968285102,1545.0806794086886
1545.0616968285103,1545.0811773760458
1545.0621968285104,1545.0816753512613
1545.0626968285105,1545.082173334429
1545.0631968285106,1545.0826713256415
1545.0636968285107,1545.0831693249918
1545.0641968285108,1545.0836673325734
1545.064696828511,1545.0841653484788
1545.065196828511,1545.0846633728013
1545.0656968285111,1545.0851614056344
1545.0661968285112,1545.0856594470706
1545.0666968285113,1545.0861574972037
1545.0671968285114,1545.0866555561254
1545.0676968285115,1545.0871536239301
1545.0681968285116,1545.08765170071
1545.0686968285117,1545.088149786559
1545.0691968285118,1545.0886478815696
1545.069696828512,1545.0891459858346
1545.070196828512,1545.0896440994475
1545.0706968285122,1545.0901422225018
1545.0711968285123,1545.0906403550896
1545.0716968285124,1545.0911384973044
1545.0721968285125,1545.0916366492395
1545.0726968285126,1545.0921348109875
1545.0731968285127,1545.0926329826418
1545.0736968285128,1545.0931311642953
1545.0741968285129,1545.0936293560417
1545.074696828513,1545.094127557973
1545.075196828513,1545.0946257701828
1545.0756968285132,1545.0951239927645
1545.0761968285133,1545.0956222258108
1545.0766968285134,1545.0961204694142
1545.0771968285135,1545.0966187236688
1545.0776968285136,1545.097116988667
1545.0781968285137,1545.0976152645023
1545.0786968285138,1545.0981135512677
1545.079196828514,1545.0986118490553
1545.079696828514,1545.0991101579598
1545.080196828514,1545.099608478073
1545.0806968285142,1545.1001068094884
1545.0811968285143,1545.1006051522995
1545.0816968285144,1545.1011035065987
1545.0821968285145,1545.1016018724795
1545.0826968285146,1545.1021002500343
1545.0831968285147,1545.102598639357
1545.0836968285148,1545.10309704054
1545.084196828515,1545.103595453677
1545.084696828515,1545.1040938788603
1545.085196828515,1545.1045923161842
1545.0856968285152,1545.1050907657402
1545.0861968285153,1545.1055892276222
1545.0866968285154,1545.106087701923
1545.0871968285155,1545.1065861887366
1545.0876968285156,1545.1070846881548
1545.0881968285157,1545.1075832002714
1545.0886968285158,1545.1080817251789
1545.089196828516,1545.1085802629714
1545.089696828516,1545.1090788137408
1545.0901968285161,1545.1095773775805
1545.0906968285162,1545.110075954584
1545.0911968285163,1545.1105745448438
1545.0916968285164,1545.111073148454
1545.0921968285165,1545.111571765506
1545.0926968285166,1545.1120703960944
1545.0931968285167,1545.1125690403114
1545.0936968285168,1545.1130676982502
1545.094196828517,1545.113566370004
1545.094696828517,1545.1140650556658
1545.0951968285171,1545.1145637553295
1545.0956968285172,1545.1150624690865
1545.0961968285173,1545.115561197031
1545.0966968285175,1545.1160599392558
1545.0971968285176,1545.1165586958537
1545.0976968285177,1545.1170574669186
1545.0981968285178,1545.1175562525425
1545.0986968285179,1545.1180550528193
1545.099196828518,1545.118553867841
1545.099696828518,1545.119052697702
1545.1001968285182,1545.1195515424954
1545.1006968285183,1545.120050402313
1545.1011968285184,1545.120549277248
1545.1016968285185,1545.1210481673947
1545.1021968285186,1545.1215470728455
1545.1026968285187,1545.122045993693
1545.1031968285188,1545.1225449300305
1545.1036968285189,1545.1230438819512
1545.104196828519,1545.123542849549
1545.104696828519,1545.1240418329153
1545.1051968285192,1545.1245408321445
1545.1056968285193,1545.1250398473287
1545.1061968285194,1545.1255388785619
1545.1066968285195,1545.126037925937
1545.1071968285196,1545.1265369895457
1545.1076968285197,1545.1270360694828
1545.1081968285198,1545.1275351658408
1545.10869682852,1545.1280342787127
1545.10919682852,1545.1285334081913
1545.10969682852,1545.12903255437
1545.1101968285202,1545.1295317173424
1545.1106968285203,1545.1300308972002
1545.1111968285204,1545.1305300940373
1545.1116968285205,1545.1310293079468
1545.1121968285206,1545.1315285390217
1545.1126968285207,1545.1320277873551
1545.1131968285208,1545.1325270530394
1545.113696828521,1545.1330263361688
1545.114196828521,1545.1335256368354
1545.1146968285211,1545.1340249551329
1545.1151968285212,1545.1345242911539
1545.1156968285213,1545.1350236449925
1545.1161968285214,1545.13552301674
1545.1166968285215,1545.1360224064908
1545.1171968285216,1545.1365218143378
1545.1176968285217,1545.1370212403738
1545.1181968285218,1545.137520684692
1545.118696828522,1545.1380201473849
1545.119196828522,1545.1385196285462
1545.1196968285221,1545.1390191282694
1545.1201968285222,1545.1395186466464
1545.1206968285223,1545.140018183771
1545.1211968285224,1545.1405177397357
1545.1216968285225,1545.141017314635
1545.1221968285226,1545.1415169085603
1545.1226968285227,1545.1420165216052
1545.1231968285229,1545.142516153863
1545.123696828523,1545.143015805427
1545.124196828523,1545.14351547639
1545.1246968285232,1545.1440151668446
1545.1251968285233,1545.144514876884
1545.1256968285234,1545.1450146066018
1545.1261968285235,1545.145514356091
1545.1266968285236,1545.146014125444
1545.1271968285237,1545.1465139147545
1545.1276968285238,1545.1470137241158
1545.1281968285239,1545.14751355362
1545.128696828524,1545.148013403361
1545.129196828524,1545.1485132734313
1545.1296968285242,1545.1490131639243
1545.1301968285243,1545.149513074933
1545.1306968285244,1545.1500130065506
1545.1311968285245,1545.15051295887
1545.1316968285246,1545.1510129319845
1545.1321968285247,1545.1515129259867
1545.1326968285248,1545.15201294097
1545.133196828525,1545.1525129770275
1545.133696828525,1545.1530130342517
1545.134196828525,1545.1535131127366
1545.1346968285252,1545.1540132125751
1545.1351968285253,1545.154513333859
1545.1356968285254,1545.155013476683
1545.1361968285255,1545.1555136411396
1545.1366968285256,1545.1560138273212
1545.1371968285257,1545.1565140353216
1545.1376968285258,1545.1570142652342
1545.138196828526,1545.1575145171505
1545.138696828526,1545.1580147911657
1545.139196828526,1545.1585150873714
1545.1396968285262,1545.159015405861
1545.1401968285263,1545.1595157467275
1545.1406968285264,1545.1600161100646
1545.1411968285265,1545.1605164959644
1545.1416968285266,1545.1610169045202
1545.1421968285267,1545.1615173358255
1545.1426968285268,1545.1620177899738
1545.143196828527,1545.1625182670566
1545.143696828527,1545.1630187671683
1545.1441968285271,1545.1635192904012
1545.1446968285272,1545.164019836849
1545.1451968285273,1545.1645204066044
1545.1456968285274,1545.1650209997604
1545.1461968285275,1545.1655216164106
1545.1466968285276,1545.166022256647
1545.1471968285277,1545.1665229205641
1545.1476968285278,1545.1670236082539
1545.148196828528,1545.1675243198101
1545.148696828528,1545.1680250553247
1545.1491968285281,1545.168525814892
1545.1496968285282,1545.1690265986042
1545.1501968285284,1545.169527406555
1545.1506968285285,1545.1700282388372
1545.1511968285286,1545.1705290955438
1545.1516968285287,1545.171029976768
1545.1521968285288,1545.1715308826028
1545.1526968285289,1545.172031813141
1545.153196828529,1545.1725327684762
1545.153696828529,1545.173033748701
1545.1541968285292,1545.173534753909
1545.1546968285293,1545.1740357841927
1545.1551968285294,1545.1745368396453
1545.1556968285295,1545.1750379203597
1545.1561968285296,1545.1755390264298
1545.1566968285297,1545.1760401579477
1545.1571968285298,1545.176541315007
1545.1576968285299,1545.1770424977005
1545.15819682853,1545.1775437061215
1545.15869682853,1545.178044940363
1545.1591968285302,1545.178546200518
1545.1596968285303,1545.179047486679
1545.1601968285304,1545.1795487989405
1545.1606968285305,1545.1800501373946
1545.1611968285306,1545.1805515021342
1545.1616968285307,1545.1810528932524
1545.1621968285308,1545.1815543108428
1545.162696828531,1545.1820557549977
1545.163196828531,1545.1825572258113
1545.163696828531,1545.1830587233756
1545.1641968285312,1545.1835602477845
1545.1646968285313,1545.1840617991304
1545.1651968285314,1545.1845633775067
1545.1656968285315,1545.1850649830062
1545.1661968285316,1545.1855666157219
1545.1666968285317,1545.1860682757474
1545.1671968285318,1545.1865699631753
1545.167696828532,1545.1870716780988
1545.168196828532,1545.1875734206114
1545.1686968285321,1545.1880751908054
1545.1691968285322,1545.1885769887745
1545.1696968285323,1545.1890788146113
1545.1701968285324,1545.189580668409
1545.1706968285325,1545.1900825502607
1545.1711968285326,1545.1905844602597
1545.1716968285327,1545.1910863984986
1545.1721968285328,1545.1915883650709
1545.172696828533,1545.1920903600694
1545.173196828533,1545.192592383587
1545.1736968285331,1545.1930944357177
1545.1741968285332,1545.1935965165533
1545.1746968285333,1545.1940986261875
1545.1751968285334,1545.1946007647134
1545.1756968285335,1545.195102932224
1545.1761968285336,1545.1956051288125
1545.1766968285337,1545.1961073545715
1545.1771968285339,1545.1966096095944
1545.177696828534,1545.1971118939746
1545.178196828534,1545.1976142078047
1545.1786968285342,1545.1981165511775
1545.1791968285343,1545.1986189241866
1545.1796968285344,1545.1991213269248
1545.1801968285345,1545.1996237594858
1545.1806968285346,1545.200126221962
1545.1811968285347,1545.2006287144459
1545.1816968285348,1545.201131237032
1545.1821968285349,1545.2016337898124
1545.182696828535,1545.2021363728802
1545.183196828535,1545.2026389863288
1545.1836968285352,1545.2031416302511
1545.1841968285353,1545.2036443047402
1545.1846968285354,1545.2041470098893
1545.1851968285355,1545.2046497457914
1545.1856968285356,1545.2051525125391
1545.1861968285357,1545.2056553102261
1545.1866968285358,1545.206158138945
1545.187196828536,1545.2066609987896
1545.187696828536,1545.2071638898517
1545.188196828536,1545.2076668122259
1545.1886968285362,1545.2081697660042
1545.1891968285363,1545.20867275128
1545.1896968285364,1545.2091757681458
1545.1901968285365,1545.2096788166955
1545.1906968285366,1545.2101818970225
1545.1911968285367,1545.2106850092184
1545.1916968285368,1545.2111881533772
1545.192196828537,1545.211691329592
1545.192696828537,1545.2121945379558
1545.193196828537,1545.2126977785615
1545.1936968285372,1545.2132010515022
1545.1941968285373,1545.2137043568707
1545.1946968285374,1545.2142076947605
1545.1951968285375,1545.2147110652652
1545.1956968285376,1545.2152144684765
1545.1961968285377,1545.2157179044884
1545.1966968285378,1545.2162213733936
1545.197196828538,1545.2167248752853
1545.197696828538,1545.217228410257
1545.1981968285381,1545.2177319784007
1545.1986968285382,1545.2182355798102
1545.1991968285383,1545.2187392145788
1545.1996968285384,1545.2192428827993
1545.2001968285385,1545.2197465845645
1545.2006968285386,1545.2202503199678
1545.2011968285387,1545.2207540891013
1545.2016968285388,1545.22125789206
1545.202196828539,1545.2217617289355
1545.202696828539,1545.222265599821
1545.2031968285391,1545.22276950481
1545.2036968285393,1545.2232734439951
1545.2041968285394,1545.2237774174698
1545.2046968285395,1545.2242814253273
1545.2051968285396,1545.2247854676598
1545.2056968285397,1545.225289544561
1545.2061968285398,1545.225793656124
1545.2066968285399,1545.226297802442
1545.20719682854,1545.2268019836074
1545.20769682854,1545.227306199714
1545.2081968285402,1545.2278104508546
1545.2086968285403,1545.2283147371218
1545.2091968285404,1545.2288190586091
1545.2096968285405,1545.2293234154097
1545.2101968285406,1545.2298278076169
1545.2106968285407,1545.2303322353227
1545.2111968285408,1545.2308366986217
1545.2116968285409,1545.2313411976052
1545.212196828541,1545.2318457323677
1545.212696828541,1545.2323503030016
1545.2131968285412,1545.2328549095998
1545.2136968285413,1545.233359552256
1545.2141968285414,1545.2338642310629
1545.2146968285415,1545.2343689461136
1545.2151968285416,1545.234873697501
1545.2156968285417,1545.2353784853185
1545.2161968285418,1545.2358833096591
1545.216696828542,1545.2363881706156
1545.217196828542,1545.2368930682808
1545.217696828542,1545.237398002749
1545.2181968285422,1545.2379029741116
1545.2186968285423,1545.238407982463
1545.2191968285424,1545.2389130278962
1545.2196968285425,1545.2394181105037
1545.2201968285426,1545.239923230378
1545.2206968285427,1545.2404283876135
1545.2211968285428,1545.2409335823024
1545.221696828543,1545.2414388145382
1545.222196828543,1545.241944084414
1545.2226968285431,1545.2424493920219
1545.2231968285432,1545.242954737456
1545.2236968285433,1545.2434601208092
1545.2241968285434,1545.243965542175
1545.2246968285435,1545.2444710016448
1545.2251968285436,1545.2449764993135
1545.2256968285437,1545.2454820352732
1545.2261968285438,1545.2459876096175
1545.226696828544,1545.2464932224389
1545.227196828544,1545.246998873831
1545.2276968285441,1545.2475045638862
1545.2281968285442,1545.2480102926984
1545.2286968285443,1545.24851606036
1545.2291968285444,1545.249021866964
1545.2296968285445,1545.2495277126043
1545.2301968285446,1545.2500335973732
1545.2306968285448,1545.2505395213643
1545.2311968285449,1545.2510454846697
1545.231696828545,1545.2515514873837
1545.232196828545,1545.2520575295985
1545.2326968285452,1545.2525636114078
1545.2331968285453,1545.253069732904
1545.2336968285454,1545.2535758941804
1545.2341968285455,1545.2540820953304
1545.2346968285456,1545.254588336447
1545.2351968285457,1545.255094617623
1545.2356968285458,1545.255600938951
1545.2361968285459,1545.2561073005252
1545.236696828546,1545.2566137024376
1545.237196828546,1545.2571201447827
1545.2376968285462,1545.2576266276515
1545.2381968285463,1545.2581331511387
1545.2386968285464,1545.2586397153366
1545.2391968285465,1545.2591463203391
1545.2396968285466,1545.259652966238
1545.2401968285467,1545.2601596531279
1545.2406968285468,1545.2606663811002
1545.241196828547,1545.261173150249
1545.241696828547,1545.2616799606672
1545.242196828547,1545.2621868124477
1545.2426968285472,1545.2626937056834
1545.2431968285473,1545.2632006404683
1545.2436968285474,1545.2637076168949
1545.2441968285475,1545.2642146350554
1545.2446968285476,1545.264721695044
1545.2451968285477,1545.2652287969531
1545.2456968285478,1545.2657359408765
1545.246196828548,1545.2662431269068
1545.246696828548,1545.2667503551372
1545.247196828548,1545.26725762566
1545.2476968285482,1545.26776493857
1545.2481968285483,1545.2682722939585
1545.2486968285484,1545.268779691919
1545.2491968285485,1545.2692871325455
1545.2496968285486,1545.26979461593
1545.2501968285487,1545.270302142166
1545.2506968285488,1545.2708097113468
1545.251196828549,1545.2713173235647
1545.251696828549,1545.2718249789134
1545.2521968285491,1545.2723326774862
1545.2526968285492,1545.2728404193756
1545.2531968285493,1545.2733482046744
1545.2536968285494,1545.2738560334767
1545.2541968285495,1545.274363905875
1545.2546968285496,1545.2748718219616
1545.2551968285497,1545.2753797818311
1545.2556968285498,1545.2758877855752
1545.25619682855,1545.2763958332882
1545.25669682855,1545.2769039250622
1545.2571968285501,1545.2774120609904
1545.2576968285503,1545.2779202411664
1545.2581968285504,1545.2784284656825
1545.2586968285505,1545.2789367346327
1545.2591968285506,1545.2794450481088
1545.2596968285507,1545.2799534062049
1545.2601968285508,1545.280461809014
1545.2606968285509,1545.2809702566287
1545.261196828551,1545.2814787491425
1545.261696828551,1545.2819872866485
1545.2621968285512,1545.2824958692388
1545.2626968285513,1545.2830044970076
1545.2631968285514,1545.2835131700479
1545.2636968285515,1545.284021888452
1545.2641968285516,1545.2845306523134
1545.2646968285517,1545.2850394617255
1545.2651968285518,1545.2855483167807
1545.2656968285519,1545.2860572175728
1545.266196828552,1545.2865661641938
1545.266696828552,1545.2870751567377
1545.2671968285522,1545.2875841952975
1545.2676968285523,1545.2880932799656
1545.2681968285524,1545.2886024108357
1545.2686968285525,1545.2891115880013
1545.2691968285526,1545.2896208115544
1545.2696968285527,1545.2901300815884
1545.2701968285528,1545.2906393981964
1545.270696828553,1545.291148761472
1545.271196828553,1545.2916581715072
1545.271696828553,1545.292167628396
1545.2721968285532,1545.2926771322316
1545.2726968285533,1545.2931866831057
1545.2731968285534,1545.293696281113
1545.2736968285535,1545.2942059263455
1545.2741968285536,1545.294715618897
1545.2746968285537,1545.2952253588596
1545.2751968285538,1545.2957351463272
1545.275696828554,1545.2962449813929
1545.276196828554,1545.2967548641489
1545.2766968285541,1545.2972647946895
1545.2771968285542,1545.2977747731065
1545.2776968285543,1545.298284799494
1545.2781968285544,1545.2987948739444
1545.2786968285545,1545.2993049965512
1545.2791968285546,1545.299815167407
1545.2796968285547,1545.3003253866052
1545.2801968285548,1545.3008356542387
1545.280696828555,1545.3013459704007
1545.281196828555,1545.3018563351839
1545.2816968285551,1545.3023667486827
1545.2821968285552,1545.3028772109888
1545.2826968285553,1545.3033877221949
1545.2831968285554,1545.3038982823955
1545.2836968285555,1545.3044088916824
1545.2841968285557,1545.3049195501496
1545.2846968285558,1545.30543025789
1545.2851968285559,1545.3059410149963
1545.285696828556,1545.3064518215613
1545.286196828556,1545.3069626776792
1545.2866968285562,1545.3074735834418
1545.2871968285563,1545.307984538943
1545.2876968285564,1545.308495544275
1545.2881968285565,1545.3090065995323
1545.2886968285566,1545.3095177048067
1545.2891968285567,1545.3100288601916
1545.2896968285568,1545.3105400657805
1545.2901968285569,1545.3110513216654
1545.290696828557,1545.3115626279407
1545.291196828557,1545.3120739846986
1545.2916968285572,1545.3125853920326
1545.2921968285573,1545.3130968500352
1545.2926968285574,1545.3136083588001
1545.2931968285575,1545.3141199184201
1545.2936968285576,1545.3146315289887
1545.2941968285577,1545.3151431905976
1545.2946968285578,1545.3156549033417
1545.295196828558,1545.3161666673122
1545.295696828558,1545.3166784826042
1545.296196828558,1545.3171903493092
1545.2966968285582,1545.3177022675209
1545.2971968285583,1545.3182142373319
1545.2976968285584,1545.3187262588356
1545.2981968285585,1545.3192383321252
1545.2986968285586,1545.3197504572936
1545.2991968285587,1545.3202626344341
1545.2996968285588,1545.3207748636394
1545.300196828559,1545.3212871450028
1545.300696828559,1545.3217994786169
1545.3011968285591,1545.3223118645756
1545.3016968285592,1545.3228243029712
1545.3021968285593,1545.3233367938976
1545.3026968285594,1545.3238493374467
1545.3031968285595,1545.3243619337125
1545.3036968285596,1545.324874582788
1545.3041968285597,1545.3253872847656
1545.3046968285598,1545.3259000397393
1545.30519682856,1545.3264128478013
1545.30569682856,1545.326925709045
1545.3061968285601,1545.327438623564
1545.3066968285602,1545.327951591451
1545.3071968285603,1545.3284646127981
1545.3076968285604,1545.3289776876998
1545.3081968285605,1545.3294908162484
1545.3086968285606,1545.3300039985372
1545.3091968285607,1545.3305172346586
1545.3096968285608,1545.3310305247069
1545.310196828561,1545.3315438687744
1545.310696828561,1545.3320572669547
1545.3111968285612,1545.33257071934
1545.3116968285613,1545.333084226024
1545.3121968285614,1545.3335977870993
1545.3126968285615,1545.3341114026598
1545.3131968285616,1545.3346250727977
1545.3136968285617,1545.3351387976063
1545.3141968285618,1545.335652577179
1545.3146968285619,1545.3361664116087
1545.315196828562,1545.336680300988
1545.315696828562,1545.3371942454105
1545.3161968285622,1545.3377082449692
1545.3166968285623,1545.3382222997568
1545.3171968285624,1545.3387364098671
1545.3176968285625,1545.3392505753886
1545.3181968285626,1545.339764796319
1545.3186968285627,1545.3402790725704
1545.3191968285628,1545.3407934040488
1545.3196968285629,1545.3413077906612
1545.320196828563,1545.3418222323157
1545.320696828563,1545.3423367289188
1545.3211968285632,1545.3428512803773
1545.3216968285633,1545.3433658865988
1545.3221968285634,1545.3438805474898
1545.3226968285635,1545.3443952629584
1545.3231968285636,1545.3449100329108
1545.3236968285637,1545.345424857254
1545.3241968285638,1545.3459397358956
1545.324696828564,1545.346454668743
1545.325196828564,1545.346969655702
1545.325696828564,1545.3474846966806
1545.3261968285642,1545.347999791586
1545.3266968285643,1545.3485149403252
1545.3271968285644,1545.3490301428046
1545.3276968285645,1545.3495453989324
1545.3281968285646,1545.350060708615
1545.3286968285647,1545.3505760717596
1545.3291968285648,1545.3510914882734
1545.329696828565,1545.3516069580633
1545.330196828565,1545.3521224810365
1545.3306968285651,1545.3526380571
1545.3311968285652,1545.3531536861608
1545.3316968285653,1545.3536693681262
1545.3321968285654,1545.3541851029036
1545.3326968285655,1545.3547008903995
1545.3331968285656,1545.3552167305213
1545.3336968285657,1545.3557326231758
1545.3341968285658,1545.3562485682703
1545.334696828566,1545.3567645657122
1545.335196828566,1545.3572806154077
1545.3356968285661,1545.357796717265
1545.3361968285662,1545.3583128711905
1545.3366968285663,1545.3588290770913
1545.3371968285664,1545.3593453348747
1545.3376968285665,1545.3598616444474
1545.3381968285667,1545.3603780057176
1545.3386968285668,1545.3608944185908
1545.3391968285669,1545.361410882975
1545.339696828567,1545.361927398777
1545.340196828567,1545.3624439659047
1545.3406968285672,1545.3629605842643
1545.3411968285673,1545.363477253763
1545.3416968285674,1545.3639939743077
1545.3421968285675,1545.3645107458065
1545.3426968285676,1545.3650275681653
1545.3431968285677,1545.3655444412918
1545.3436968285678,1545.366061365093
1545.3441968285679,1545.3665783394758
1545.344696828568,1545.3670953643477
1545.345196828568,1545.3676124396152
1545.3456968285682,1545.368129565186
1545.3461968285683,1545.368646740967
1545.3466968285684,1545.369163966865
1545.3471968285685,1545.3696812427875
1545.3476968285686,1545.3701985686412
1545.3481968285687,1545.3707159443336
1545.3486968285688,1545.371233369771
1545.349196828569,1545.3717508448615
1545.349696828569,1545.3722683695114
1545.350196828569,1545.3727859436285
1545.3506968285692,1545.3733035671194
1545.3511968285693,1545.3738212398912
1545.3516968285694,1545.3743389618514
1545.3521968285695,1545.3748567329067
1545.3526968285696,1545.375374552964
1545.3531968285697,1545.3758924219303
1545.3536968285698,1545.3764103397139
1545.35419682857,1545.3769283062206
1545.35469682857,1545.3774463213576
1545.3551968285701,1545.3779643850328
1545.3556968285702,1545.3784824971528
1545.3561968285703,1545.3790006576241
1545.3566968285704,1545.379518866355
1545.3571968285705,1545.3800371232517
1545.3576968285706,1545.380555428222
1545.3581968285707,1545.381073781172
1545.3586968285708,1545.3815921820092
1545.359196828571,1545.3821106306414
1545.359696828571,1545.3826291269743
1545.3601968285711,1545.3831476709165
1545.3606968285712,1545.3836662623742
1545.3611968285713,1545.3841849012545
1545.3616968285714,1545.3847035874649
1545.3621968285715,1545.3852223209117
1545.3626968285716,1545.3857411015033
1545.3631968285717,1545.3862599291458
1545.3636968285718,1545.3867788037462
1545.364196828572,1545.3872977252122
1545.364696828572,1545.3878166934503
1545.3651968285722,1545.388335708368
1545.3656968285723,1545.3888547698723
1545.3661968285724,1545.3893738778702
1545.3666968285725,1545.3898930322687
1545.3671968285726,1545.3904122329755
1545.3676968285727,1545.390931479897
1545.3681968285728,1545.3914507729403
1545.3686968285729,1545.3919701120128
1545.369196828573,1545.3924894970216
1545.369696828573,1545.3930089278736
1545.3701968285732,1545.393528404476
1545.3706968285733,1545.3940479267358
1545.3711968285734,1545.3945674945603
1545.3716968285735,1545.3950871078562
1545.3721968285736,1545.395606766531
1545.3726968285737,1545.3961264704913
1545.3731968285738,1545.3966462196452
1545.3736968285739,1545.397166013898
1545.374196828574,1545.3976858531585
1545.374696828574,1545.3982057373332
1545.3751968285742,1545.3987256663288
1545.3756968285743,1545.3992456400533
1545.3761968285744,1545.399765658413
1545.3766968285745,1545.400285721315
1545.3771968285746,1545.400805828667
1545.3776968285747,1545.401325980375
1545.3781968285748,1545.4018461763474
1545.378696828575,1545.4023664164902
1545.379196828575,1545.4028867007114
1545.379696828575,1545.4034070289172
1545.3801968285752,1545.4039274010156
1545.3806968285753,1545.4044478169133
1545.3811968285754,1545.4049682765167
1545.3816968285755,1545.4054887797342
1545.3821968285756,1545.4060093264716
1545.3826968285757,1545.4065299166364
1545.3831968285758,1545.4070505501363
1545.383696828576,1545.4075712268782
1545.384196828576,1545.408091946768
1545.3846968285761,1545.4086127097148
1545.3851968285762,1545.409133515624
1545.3856968285763,1545.4096543644039
1545.3861968285764,1545.41017525596
1545.3866968285765,1545.4106961902012
1545.3871968285766,1545.4112171670336
1545.3876968285767,1545.411738186364
1545.3881968285768,1545.4122592481003
1545.388696828577,1545.4127803521496
1545.389196828577,1545.4133014984182
1545.3896968285771,1545.4138226868135
1545.3901968285772,1545.414343917243
1545.3906968285773,1545.4148651896135
1545.3911968285774,1545.415386503832
1545.3916968285776,1545.4159078598057
1545.3921968285777,1545.4164292574415
1545.3926968285778,1545.4169506966466
1545.3931968285779,1545.4174721773284
1545.393696828578,1545.4179936993935
1545.394196828578,1545.4185152627488
1545.3946968285782,1545.4190368673026
1545.3951968285783,1545.419558512961
1545.3956968285784,1545.420080199631
1545.3961968285785,1545.4206019272206
1545.3966968285786,1545.4211236956353
1545.3971968285787,1545.4216455047836
1545.3976968285788,1545.4221673545724
1545.3981968285789,1545.422689244908
1545.398696828579,1545.4232111756983
1545.399196828579,1545.4237331468498
1545.3996968285792,1545.4242551582702
1545.4001968285793,1545.4247772098665
1545.4006968285794,1545.425299301545
1545.4011968285795,1545.4258214332133
1545.4016968285796,1545.4263436047793
1545.4021968285797,1545.426865816149
1545.4026968285798,1545.4273880672295
1545.40319682858,1545.4279103579286
1545.40369682858,1545.4284326881527
1545.40419682858,1545.4289550578092
1545.4046968285802,1545.4294774668056
1545.4051968285803,1545.4299999150478
1545.4056968285804,1545.430522402444
1545.4061968285805,1545.4310449289012
1545.4066968285806,1545.431567494326
1545.4071968285807,1545.4320900986258
1545.4076968285808,1545.4326127417075
1545.408196828581,1545.4331354234778
1545.408696828581,1545.4336581438452
1545.4091968285811,1545.4341809027153
1545.4096968285812,1545.4347036999957
1545.4101968285813,1545.4352265355938
1545.4106968285814,1545.435749409416
1545.4111968285815,1545.4362723213703
1545.4116968285816,1545.4367952713635
1545.4121968285817,1545.4373182593022
1545.4126968285818,1545.4378412850936
1545.413196828582,1545.438364348645
1545.413696828582,1545.4388874498636
1545.4141968285821,1545.4394105886568
1545.4146968285822,1545.4399337649302
1545.4151968285823,1545.4404569785925
1545.4156968285824,1545.4409802295506
1545.4161968285825,1545.4415035177108
1545.4166968285826,1545.4420268429808
1545.4171968285827,1545.442550205267
1545.4176968285828,1545.4430736044778
1545.418196828583,1545.4435970405184
1545.418696828583,1545.4441205132975
1545.4191968285832,1545.4446440227216
1545.4196968285833,1545.445167568698
1545.4201968285834,1545.4456911511331
1545.4206968285835,1545.446214769935
1545.4211968285836,1545.4467384250104
1545.4216968285837,1545.4472621162658
1545.4221968285838,1545.447785843609
1545.4226968285839,1545.4483096069469
1545.423196828584,1545.4488334061862
1545.423696828584,1545.4493572412346
1545.4241968285842,1545.449881111999
1545.4246968285843,1545.4504050183862
1545.4251968285844,1545.4509289603036
1545.4256968285845,1545.4514529376584
1545.4261968285846,1545.4519769503572
1545.4266968285847,1545.4525009983076
1545.4271968285848,1545.4530250814162
1545.4276968285849,1545.4535491995905
1545.428196828585,1545.4540733527372
1545.428696828585,1545.4545975407636
1545.4291968285852,1545.4551217635772
1545.4296968285853,1545.4556460210845
1545.4301968285854,1545.456170313193
1545.4306968285855,1545.456694639809
1545.4311968285856,1545.4572190008407
1545.4316968285857,1545.4577433961945
1545.4321968285858,1545.4582678257775
1545.432696828586,1545.4587922894966
1545.433196828586,1545.4593167872601
1545.433696828586,1545.4598413189738
1545.4341968285862,1545.460365884545
1545.4346968285863,1545.460890483881
1545.4351968285864,1545.461415116889
1545.4356968285865,1545.4619397834758
1545.4361968285866,1545.4624644835487
1545.4366968285867,1545.4629892170146
1545.4371968285868,1545.463513983781
1545.437696828587,1545.4640387837546
1545.438196828587,1545.4645636168425
1545.4386968285871,1545.4650884829523
1545.4391968285872,1545.4656133819904
1545.4396968285873,1545.4661383138641
1545.4401968285874,1545.4666632784804
1545.4406968285875,1545.4671882757464
1545.4411968285876,1545.4677133055704
1545.4416968285877,1545.4682383678573
1545.4421968285878,1545.4687634625157
1545.442696828588,1545.4692885894524
1545.443196828588,1545.469813748574
1545.4436968285881,1545.4703389397882
1545.4441968285882,1545.470864163002
1545.4446968285883,1545.4713894181223
1545.4451968285885,1545.4719147050564
1545.4456968285886,1545.4724400237108
1545.4461968285887,1545.472965373993
1545.4466968285888,1545.4734907558104
1545.4471968285889,1545.47401616907
1545.447696828589,1545.4745416136782
1545.448196828589,1545.4750670895428
1545.4486968285892,1545.4755925965708
1545.4491968285893,1545.476118134669
1545.4496968285894,1545.4766437037442
1545.4501968285895,1545.4771693037044
1545.4506968285896,1545.4776949344562
1545.4511968285897,1545.4782205959066
1545.4516968285898,1545.4787462879628
1545.4521968285899,1545.4792720105315
1545.45269682859,1545.4797977635205
1545.45319682859,1545.4803235468369
1545.4536968285902,1545.4808493603873
1545.4541968285903,1545.4813752040784
1545.4546968285904,1545.4819010778183
1545.4551968285905,1545.4824269815135
1545.4556968285906,1545.4829529150709
1545.4561968285907,1545.4834788783985
1545.4566968285908,1545.4840048714025
1545.457196828591,1545.4845308939907
1545.457696828591,1545.4850569460689
1545.458196828591,1545.485583027545
1545.4586968285912,1545.486109138327
1545.4591968285913,1545.4866352783204
1545.4596968285914,1545.4871614474332
1545.4601968285915,1545.4876876455726
1545.4606968285916,1545.4882138726452
1545.4611968285917,1545.488740128558
1545.4616968285918,1545.4892664132183
1545.462196828592,1545.4897927265333
1545.462696828592,1545.4903190684108
1545.4631968285921,1545.4908454387562
1545.4636968285922,1545.491371837478
1545.4641968285923,1545.4918982644826
1545.4646968285924,1545.4924247196773
1545.4651968285925,1545.4929512029694
1545.4656968285926,1545.4934777142655
1545.4661968285927,1545.494004253473
1545.4666968285928,1545.4945308204992
1545.467196828593,1545.4950574152504
1545.467696828593,1545.4955840376342
1545.4681968285931,1545.4961106875585
1545.4686968285932,1545.4966373649293
1545.4691968285933,1545.4971640696535
1545.4696968285934,1545.497690801639
1545.4701968285935,1545.498217560793
1545.4706968285936,1545.4987443470218
1545.4711968285937,1545.4992711602326
1545.4716968285938,1545.4997980003327
1545.472196828594,1545.5003248672294
1545.472696828594,1545.5008517608298
1545.4731968285942,1545.5013786810403
1545.4736968285943,1545.501905627769
1545.4741968285944,1545.5024326009222
1545.4746968285945,1545.502959600407
1545.4751968285946,1545.5034866261312
1545.4756968285947,1545.5040136780012
1545.4761968285948,1545.5045407559246
1545.4766968285949,1545.5050678598082
1545.477196828595,1545.5055949895589
1545.477696828595,1545.5061221450837
1545.4781968285952,1545.5066493262902
1545.4786968285953,1545.5071765330854
1545.4791968285954,1545.5077037653764
1545.4796968285955,1545.5082310230703
1545.4801968285956,1545.508758306073
1545.4806968285957,1545.5092856142937
1545.4811968285958,1545.509812947638
1545.481696828596,1545.5103403060134
1545.482196828596,1545.510867689327
1545.482696828596,1545.5113950974858
1545.4831968285962,1545.5119225303972
1545.4836968285963,1545.5124499879678
1545.4841968285964,1545.5129774701054
1545.4846968285965,1545.5135049767164
1545.4851968285966,1545.5140325077075
1545.4856968285967,1545.514560062987
1545.4861968285968,1545.5150876424614
1545.486696828597,1545.5156152460377
1545.487196828597,1545.5161428736228
1545.487696828597,1545.5166705251245
1545.4881968285972,1545.517198200449
1545.4886968285973,1545.5177258995038
1545.4891968285974,1545.5182536221964
1545.4896968285975,1545.5187813684338
1545.4901968285976,1545.5193091381225
1545.4906968285977,1545.5198369311697
1545.4911968285978,1545.5203647474827
1545.491696828598,1545.5208925869688
1545.492196828598,1545.5214204495346
1545.4926968285981,1545.5219483350875
1545.4931968285982,1545.5224762435346
1545.4936968285983,1545.523004174783
1545.4941968285984,1545.5235321287396
1545.4946968285985,1545.5240601053117
1545.4951968285986,1545.5245881044061
1545.4956968285987,1545.5251161259305
1545.4961968285988,1545.5256441697911
1545.496696828599,1545.5261722358957
1545.497196828599,1545.5267003241509
1545.4976968285991,1545.5272284344644
1545.4981968285992,1545.5277565667427
1545.4986968285993,1545.528284720893
1545.4991968285995,1545.528812896823
1545.4996968285996,1545.5293410944387
1545.5001968285997,1545.5298693136479
1545.5006968285998,1545.5303975543573
1545.5011968285999,1545.5309258164748
1545.5016968286,1545.5314540999066
1545.5021968286,1545.53198240456
1545.5026968286002,1545.5325107303427
1545.5031968286003,1545.5330390771608
1545.5036968286004,1545.5335674449223
1545.5041968286005,1545.534095833534
1545.5046968286006,1545.5346242429023
1545.5051968286007,1545.5351526729355
1545.5056968286008,1545.5356811235397
1545.5061968286009,1545.5362095946223
1545.506696828601,1545.5367380860905
1545.507196828601,1545.5372665978512
1545.5076968286012,1545.5377951298115
1545.5081968286013,1545.5383236818786
1545.5086968286014,1545.5388522539597
1545.5091968286015,1545.5393808459621
1545.5096968286016,1545.5399094577922
1545.5101968286017,1545.5404380893574
1545.5106968286018,1545.540966740565
1545.511196828602,1545.5414954113219
1545.511696828602,1545.5420241015352
1545.512196828602,1545.5425528111123
1545.5126968286022,1545.5430815399593
1545.5131968286023,1545.5436102879844
1545.5136968286024,1545.544139055094
1545.5141968286025,1545.5446678411954
1545.5146968286026,1545.5451966461965
1545.5151968286027,1545.5457254700032
1545.5156968286028,1545.5462543125225
1545.516196828603,1545.5467831736623
1545.516696828603,1545.5473120533297
1545.5171968286031,1545.5478409514312
1545.5176968286032,1545.5483698678745
1545.5181968286033,1545.5488988025659
1545.5186968286034,1545.5494277554133
1545.5191968286035,1545.5499567263234
1545.5196968286036,1545.5504857152032
1545.5201968286037,1545.5510147219597
1545.5206968286038,1545.5515437465008
1545.521196828604,1545.5520727887324
1545.521696828604,1545.5526018485625
1545.5221968286041,1545.5531309258972
1545.5226968286042,1545.553660020645
1545.5231968286043,1545.5541891327123
1545.5236968286044,1545.5547182620057
1545.5241968286045,1545.5552474084327
1545.5246968286046,1545.555776571901
1545.5251968286047,1545.556305752317
1545.5256968286049,1545.5568349495877
1545.526196828605,1545.5573641636197
1545.526696828605,1545.5578933943223
1545.5271968286052,1545.5584226415997
1545.5276968286053,1545.5589519053608
1545.5281968286054,1545.5594811855117
1545.5286968286055,1545.5600104819607
1545.5291968286056,1545.5605397946138
1545.5296968286057,1545.5610691233787
1545.5301968286058,1545.5615984681626
1545.5306968286059,1545.562127828872
1545.531196828606,1545.5626572054143
1545.531696828606,1545.5631865976961
1545.5321968286062,1545.5637160056256
1545.5326968286063,1545.5642454291092
1545.5331968286064,1545.5647748680535
1545.5336968286065,1545.565304322366
1545.5341968286066,1545.5658337919547
1545.5346968286067,1545.5663632767253
1545.5351968286068,1545.5668927765853
1545.535696828607,1545.5674222914422
1545.536196828607,1545.567951821203
1545.536696828607,1545.5684813657747
1545.5371968286072,1545.5690109250645
1545.5376968286073,1545.5695404989783
1545.5381968286074,1545.5700700874256
1545.5386968286075,1545.5705996903107
1545.5391968286076,1545.5711293075428
1545.5396968286077,1545.5716589390283
1545.5401968286078,1545.5721885846742
1545.540696828608,1545.5727182443873
1545.541196828608,1545.5732479180756
1545.541696828608,1545.573777605645
1545.5421968286082,1545.5743073070034
1545.5426968286083,1545.5748370220576
1545.5431968286084,1545.5753667507151
1545.5436968286085,1545.5758964928825
1545.5441968286086,1545.5764262484672
1545.5446968286087,1545.5769560173765
1545.5451968286088,1545.5774857995166
1545.545696828609,1545.5780155947953
1545.546196828609,1545.5785454031195
1545.5466968286091,1545.5790752243963
1545.5471968286092,1545.5796050585325
1545.5476968286093,1545.5801349054361
1545.5481968286094,1545.580664765013
1545.5486968286095,1545.581194637171
1545.5491968286096,1545.581724521817
1545.5496968286097,1545.5822544188582
1545.5501968286098,1545.5827843282018
1545.55069682861,1545.5833142497547
1545.55119682861,1545.5838441834237
1545.5516968286101,1545.5843741291164
1545.5521968286102,1545.5849040867397
1545.5526968286104,1545.585434056201
1545.5531968286105,1545.5859640374063
1545.5536968286106,1545.586494030264
1545.5541968286107,1545.5870240346803
1545.5546968286108,1545.5875540505629
1545.5551968286109,1545.5880840778182
1545.555696828611,1545.5886141163542
1545.556196828611,1545.5891441660774
1545.5566968286112,1545.5896742268944
1545.5571968286113,1545.5902042987138
1545.5576968286114,1545.590734381441
1545.5581968286115,1545.5912644749842
1545.5586968286116,1545.5917945792498
1545.5591968286117,1545.5923246941452
1545.5596968286118,1545.5928548195782
1545.5601968286119,1545.5933849554544
1545.560696828612,1545.5939151016821
1545.561196828612,1545.5944452581682
1545.5616968286122,1545.5949754248188
1545.5621968286123,1545.5955056015423
1545.5626968286124,1545.596035788245
1545.5631968286125,1545.5965659848343
1545.5636968286126,1545.5970961912171
1545.5641968286127,1545.5976264073008
1545.5646968286128,1545.5981566329926
1545.565196828613,1545.5986868681987
1545.565696828613,1545.599217112827
1545.566196828613,1545.5997473667846
1545.5666968286132,1545.600277629978
1545.5671968286133,1545.6008079023145
1545.5676968286134,1545.601338183702
1545.5681968286135,1545.6018684740463
1545.5686968286136,1545.6023987732551
1545.5691968286137,1545.6029290812357
1545.5696968286138,1545.603459397895
1545.570196828614,1545.6039897231396
1545.570696828614,1545.6045200568776
1545.5711968286141,1545.6050503990152
1545.5716968286142,1545.6055807494604
1545.5721968286143,1545.6061111081187
1545.5726968286144,1545.606641474899
1545.5731968286145,1545.6071718497076
1545.5736968286146,1545.6077022324514
1545.5741968286147,1545.6082326230373
1545.5746968286148,1545.608763021373
1545.575196828615,1545.6092934273656
1545.575696828615,1545.6098238409224
1545.5761968286151,1545.610354261949
1545.5766968286152,1545.610884690354
1545.5771968286153,1545.6114151260442
1545.5776968286154,1545.6119455689256
1545.5781968286155,1545.6124760189073
1545.5786968286156,1545.6130064758945
1545.5791968286157,1545.613536939796
1545.5796968286159,1545.6140674105172
1545.580196828616,1545.6145978879658
1545.580696828616,1545.6151283720496
1545.5811968286162,1545.6156588626745
1545.5816968286163,1545.6161893597484
1545.5821968286164,1545.6167198631783
1545.5826968286165,1545.617250372871
1545.5831968286166,1545.6177808887342
1545.5836968286167,1545.6183114106739
1545.5841968286168,1545.618841938598
1545.5846968286169,1545.6193724724137
1545.585196828617,1545.6199030120274
1545.585696828617,1545.6204335573473
1545.5861968286172,1545.6209641082794
1545.5866968286173,1545.6214946647312
1545.5871968286174,1545.6220252266098
1545.5876968286175,1545.6225557938224
1545.5881968286176,1545.6230863662754
1545.5886968286177,1545.623616943877
1545.5891968286178,1545.6241475265338
1545.589696828618,1545.6246781141524
1545.590196828618,1545.6252087066407
1545.590696828618,1545.6257393039048
1545.5911968286182,1545.626269905853
1545.5916968286183,1545.6268005123914
1545.5921968286184,1545.6273311234277
1545.5926968286185,1545.6278617388687
1545.5931968286186,1545.628392358621
1545.5936968286187,1545.628922982593
1545.5941968286188,1545.6294536106907
1545.594696828619,1545.6299842428214
1545.595196828619,1545.6305148788927
1545.595696828619,1545.6310455188109
1545.5961968286192,1545.6315761624835
1545.5966968286193,1545.6321068098175
1545.5971968286194,1545.6326374607204
1545.5976968286195,1545.6331681150984
1545.5981968286196,1545.6336987728591
1545.5986968286197,1545.6342294339104
1545.5991968286198,1545.6347600981576
1545.59969682862,1545.6352907655094
1545.60019682862,1545.635821435872
1545.6006968286201,1545.636352109153
1545.6011968286202,1545.6368827852589
1545.6016968286203,1545.6374134640973
1545.6021968286204,1545.6379441455754
1545.6026968286205,1545.6384748295998
1545.6031968286206,1545.6390055160782
1545.6036968286207,1545.6395362049168
1545.6041968286208,1545.6400668960232
1545.604696828621,1545.6405975893047
1545.605196828621,1545.641128284668
1545.6056968286211,1545.6416589820203
1545.6061968286213,1545.642189681269
1545.6066968286214,1545.6427203823205
1545.6071968286215,1545.6432510850827
1545.6076968286216,1545.643781789462
1545.6081968286217,1545.6443124953662
1545.6086968286218,1545.6448432027016
1545.6091968286219,1545.6453739113763
1545.609696828622,1545.645904621296
1545.610196828622,1545.6464353323686
1545.6106968286222,1545.6469660445016
1545.6111968286223,1545.6474967576012
1545.6116968286224,1545.648027471575
1545.6121968286225,1545.6485581863303
1545.6126968286226,1545.6490889017734
1545.6131968286227,1545.649619617812
1545.6136968286228,1545.650150334353
1545.6141968286229,1545.650681051304
1545.614696828623,1545.6512117685713
1545.615196828623,1545.6517424860626
1545.6156968286232,1545.6522732036842
1545.6161968286233,1545.652803921344
1545.6166968286234,1545.653334638949
1545.6171968286235,1545.6538653564057
1545.6176968286236,1545.654396073622
1545.6181968286237,1545.6549267905045
1545.6186968286238,1545.65545750696
1545.619196828624,1545.6559882228962
1545.619696828624,1545.6565189382197
1545.620196828624,1545.6570496528382
1545.6206968286242,1545.657580366658
1545.6211968286243,1545.6581110795867
1545.6216968286244,1545.6586417915312
1545.6221968286245,1545.659172502399
1545.6226968286246,1545.6597032120965
1545.6231968286247,1545.6602339205313
1545.6236968286248,1545.6607646276102
1545.624196828625,1545.661295333241
1545.624696828625,1545.6618260373295
1545.6251968286251,1545.6623567397837
1545.6256968286252,1545.662887440511
1545.6261968286253,1545.663418139417
1545.6266968286254,1545.6639488364103
1545.6271968286255,1545.6644795313975
1545.6276968286256,1545.6650102242854
1545.6281968286257,1545.6655409149816
1545.6286968286258,1545.6660716033928
1545.629196828626,1545.6666022894262
1545.629696828626,1545.6671329729888
1545.6301968286261,1545.6676636539883
1545.6306968286262,1545.668194332331
1545.6311968286263,1545.6687250079237
1545.6316968286264,1545.6692556806745
1545.6321968286265,1545.66978635049
1545.6326968286266,1545.6703170172773
1545.6331968286268,1545.670847680944
1545.6336968286269,1545.6713783413961
1545.634196828627,1545.6719089985418
1545.634696828627,1545.6724396522873
1545.6351968286272,1545.67297030254
1545.6356968286273,1545.673500949207
1545.6361968286274,1545.6740315921957
1545.6366968286275,1545.6745622314131
1545.6371968286276,1545.6750928667657
1545.6376968286277,1545.6756234981613
1545.6381968286278,1545.6761541255064
1545.6386968286279,1545.6766847487086
1545.639196828628,1545.677215367675
1545.639696828628,1545.6777459823124
1545.6401968286282,1545.6782765925273
1545.6406968286283,1545.6788071982278
1545.6411968286284,1545.6793377993208
1545.6416968286285,1545.6798683957134
1545.6421968286286,1545.6803989873122
1545.6426968286287,1545.6809295740247
1545.6431968286288,1545.6814601557578
1545.643696828629,1545.6819907324189
1545.644196828629,1545.6825213039149
1545.644696828629,1545.6830518701524
1545.6451968286292,1545.6835824310394
1545.6456968286293,1545.6841129864824
1545.6461968286294,1545.6846435363886
1545.6466968286295,1545.6851740806646
1545.6471968286296,1545.6857046192188
1545.6476968286297,1545.686235151957
1545.6481968286298,1545.6867656787867
1545.64869682863,1545.6872961996155
1545.64919682863,1545.6878267143495
1545.64969682863,1545.688357222897
1545.6501968286302,1545.688887725164
1545.6506968286303,1545.689418221058
1545.6511968286304,1545.689948710486
1545.6516968286305,1545.6904791933553
1545.6521968286306,1545.691009669573
1545.6526968286307,1545.691540139046
1545.6531968286308,1545.6920706016815
1545.653696828631,1545.6926010573866
1545.654196828631,1545.6931315060679
1545.6546968286311,1545.6936619476332
1545.6551968286312,1545.6941923819895
1545.6556968286313,1545.6947228090437
1545.6561968286314,1545.6952532287028
1545.6566968286315,1545.695783640874
1545.6571968286316,1545.6963140454643
1545.6576968286317,1545.6968444423806
1545.6581968286318,1545.6973748315302
1545.658696828632,1545.6979052128206
1545.659196828632,1545.6984355861587
1545.6596968286321,1545.698965951451
1545.6601968286323,1545.6994963086051
1545.6606968286324,1545.700026657528
1545.6611968286325,1545.700556998127
1545.6616968286326,1545.7010873303086
1545.6621968286327,1545.7016176539803
1545.6626968286328,1545.7021479690493
1545.6631968286329,1545.7026782754226
1545.663696828633,1545.703208573007
1545.664196828633,1545.7037388617098
1545.6646968286332,1545.7042691414383
1545.6651968286333,1545.704799412099
1545.6656968286334,1545.7053296735996
1545.6661968286335,1545.705859925847
1545.6666968286336,1545.7063901687484
1545.6671968286337,1545.70692040221
1545.6676968286338,1545.7074506261404
1545.6681968286339,1545.7079808404455
1545.668696828634,1545.7085110450332
1545.669196828634,1545.7090412398097
1545.6696968286342,1545.709571424683
1545.6701968286343,1545.7101015995597
1545.6706968286344,1545.7106317643468
1545.6711968286345,1545.7111619189518
1545.6716968286346,1545.7116920632814
1545.6721968286347,1545.7122221972422
1545.6726968286348,1545.7127523207428
1545.673196828635,1545.7132824336886
1545.673696828635,1545.7138125359882
1545.674196828635,1545.714342627548
1545.6746968286352,1545.7148727082745
1545.6751968286353,1545.7154027780755
1545.6756968286354,1545.7159328368577
1545.6761968286355,1545.716462884529
1545.6766968286356,1545.7169929209958
1545.6771968286357,1545.7175229461652
1545.6776968286358,1545.7180529599445
1545.678196828636,1545.7185829622406
1545.678696828636,1545.7191129529606
1545.6791968286361,1545.719642932012
1545.6796968286362,1545.720172899301
1545.6801968286363,1545.7207028547355
1545.6806968286364,1545.721232798222
1545.6811968286365,1545.7217627296682
1545.6816968286366,1545.7222926489808
1545.6821968286367,1545.7228225560673
1545.6826968286368,1545.7233524508342
1545.683196828637,1545.723882333189
1545.683696828637,1545.7244122030386
1545.6841968286371,1545.72494206029
1545.6846968286372,1545.7254719048506
1545.6851968286373,1545.7260017366275
1545.6856968286374,1545.7265315555273
1545.6861968286375,1545.7270613614573
1545.6866968286377,1545.7275911543247
1545.6871968286378,1545.7281209340367
1545.6876968286379,1545.7286507005006
1545.688196828638,1545.729180453623
1545.688696828638,1545.7297101933107
1545.6891968286382,1545.7302399194718
1545.6896968286383,1545.730769632012
1545.6901968286384,1545.7312993308399
1545.6906968286385,1545.7318290158619
1545.6911968286386,1545.7323586869852
1545.6916968286387,1545.7328883441162
1545.6921968286388,1545.733417987163
1545.6926968286389,1545.733947616032
1545.693196828639,1545.7344772306305
1545.693696828639,1545.7350068308658
1545.6941968286392,1545.7355364166451
1545.6946968286393,1545.7360659878746
1545.6951968286394,1545.7365955444623
1545.6956968286395,1545.7371250863146
1545.6961968286396,1545.7376546133396
1545.6966968286397,1545.7381841254435
1545.6971968286398,1545.7387136225334
1545.69769682864,1545.739243104517
1545.69819682864,1545.7397725713006
1545.69869682864,1545.740302022792
1545.6991968286402,1545.7408314588981
1545.6996968286403,1545.7413608795255
1545.7001968286404,1545.741890284582
1545.7006968286405,1545.7424196739744
1545.7011968286406,1545.7429490476097
1545.7016968286407,1545.7434784053949
1545.7021968286408,1545.7440077472374
1545.702696828641,1545.744537073044
1545.703196828641,1545.745066382722
1545.7036968286411,1545.7455956761783
1545.7041968286412,1545.7461249533203
1545.7046968286413,1545.7466542140544
1545.7051968286414,1545.7471834582886
1545.7056968286415,1545.7477126859294
1545.7061968286416,1545.7482418968839
1545.7066968286417,1545.7487710910596
1545.7071968286418,1545.7493002683627
1545.707696828642,1545.7498294287013
1545.708196828642,1545.7503585719824
1545.7086968286421,1545.7508876981124
1545.7091968286422,1545.751416806999
1545.7096968286423,1545.7519458985487
1545.7101968286424,1545.7524749726695
1545.7106968286425,1545.7530040292675
1545.7111968286426,1545.7535330682504
1545.7116968286427,1545.754062089525
1545.7121968286428,1545.754591092999
1545.712696828643,1545.755120078578
1545.713196828643,1545.7556490461707
1545.7136968286432,1545.7561779956836
1545.7141968286433,1545.7567069270235
1545.7146968286434,1545.757235840098
1545.7151968286435,1545.7577647348141
1545.7156968286436,1545.7582936110784
1545.7161968286437,1545.7588224687981
1545.7166968286438,1545.759351307881
1545.7171968286439,1545.7598801282334
1545.717696828644,1545.7604089297624
1545.718196828644,1545.7609377123758
1545.7186968286442,1545.7614664759806
1545.7191968286443,1545.7619952204827
1545.7196968286444,1545.7625239457905
1545.7201968286445,1545.7630526518103
1545.7206968286446,1545.7635813384497
1545.7211968286447,1545.7641100056153
1545.7216968286448,1545.764638653215
1545.7221968286449,1545.7651672811548
1545.722696828645,1545.7656958893429
1545.723196828645,1545.7662244776855
1545.7236968286452,1545.76675304609
1545.7241968286453,1545.7672815944638
1545.7246968286454,1545.7678101227139
1545.7251968286455,1545.7683386307467
1545.7256968286456,1545.76886711847
1545.7261968286457,1545.7693955857908
1545.7266968286458,1545.7699240326156
1545.727196828646,1545.7704524588526
1545.727696828646,1545.7709808644076
1545.728196828646,1545.7715092491887
1545.7286968286462,1545.7720376131028
1545.7291968286463,1545.7725659560565
1545.7296968286464,1545.7730942779574
1545.7301968286465,1545.7736225787119
1545.7306968286466,1545.7741508582285
1545.7311968286467,1545.7746791164125
1545.7316968286468,1545.7752073531722
1545.732196828647,1545.7757355684143
1545.732696828647,1545.7762637620458
1545.7331968286471,1545.7767919339742
1545.7336968286472,1545.7773200841061
1545.7341968286473,1545.777848212349
1545.7346968286474,1545.778376318609
1545.7351968286475,1545.7789044027948
1545.7356968286476,1545.7794324648125
1545.7361968286477,1545.7799605045693
1545.7366968286478,1545.7804885219725
1545.737196828648,1545.7810165169287
1545.737696828648,1545.7815444893454
1545.7381968286481,1545.78207243913
1545.7386968286482,1545.7826003661887
1545.7391968286483,1545.7831282704294
1545.7396968286484,1545.7836561517586
1545.7401968286485,1545.7841840100837
1545.7406968286487,1545.7847118453117
1545.7411968286488,1545.7852396573496
1545.7416968286489,1545.7857674461054
1545.742196828649,1545.7862952114847
1545.742696828649,1545.7868229533954
1545.7431968286492,1545.7873506717447
1545.7436968286493,1545.7878783664391
1545.7441968286494,1545.7884060373863
1545.7446968286495,1545.7889336844933
1545.7451968286496,1545.7894613076667
1545.7456968286497,1545.789988906814
1545.7461968286498,1545.7905164818421
1545.7466968286499,1545.7910440326586
1545.74719682865,1545.7915715591703
1545.74769682865,1545.7920990612838
1545.7481968286502,1545.792626538907
1545.7486968286503,1545.7931539919457
1545.7491968286504,1545.7936814203085
1545.7496968286505,1545.7942088239015
1545.7501968286506,1545.7947362026325
1545.7506968286507,1545.795263556408
1545.7511968286508,1545.7957908851351
1545.751696828651,1545.7963181887212
1545.752196828651,1545.796845467074
1545.752696828651,1545.7973727200992
1545.7531968286512,1545.7978999477045
1545.7536968286513,1545.7984271497971
1545.7541968286514,1545.7989543262845
1545.7546968286515,1545.7994814770727
1545.7551968286516,1545.8000086020697
1545.7556968286517,1545.800535701182
1545.7561968286518,1545.8010627743176
1545.756696828652,1545.8015898213825
1545.757196828652,1545.8021168422845
1545.7576968286521,1545.8026438369304
1545.7581968286522,1545.8031708052272
1545.7586968286523,1545.803697747082
1545.7591968286524,1545.8042246624025
1545.7596968286525,1545.8047515510948
1545.7601968286526,1545.8052784130668
1545.7606968286527,1545.8058052482252
1545.7611968286528,1545.8063320564772
1545.761696828653,1545.8068588377298
1545.762196828653,1545.8073855918901
1545.7626968286531,1545.8079123188654
1545.7631968286532,1545.8084390185622
1545.7636968286533,1545.8089656908887
1545.7641968286534,1545.8094923357512
1545.7646968286535,1545.8100189530562
1545.7651968286536,1545.8105455427121
1545.7656968286537,1545.8110721046255
1545.7661968286538,1545.811598638703
1545.766696828654,1545.812125144852
1545.767196828654,1545.81265162298
1545.7676968286542,1545.8131780729934
1545.7681968286543,1545.8137044947998
1545.7686968286544,1545.8142308883057
1545.7691968286545,1545.814757253419
1545.7696968286546,1545.8152835900464
1545.7701968286547,1545.8158098980948
1545.7706968286548,1545.8163361774714
1545.7711968286549,1545.8168624280834
1545.771696828655,1545.817388649838
1545.772196828655,1545.817914842642
1545.7726968286552,1545.8184410064023
1545.7731968286553,1545.818967141027
1545.7736968286554,1545.8194932464219
1545.7741968286555,1545.8200193224948
1545.7746968286556,1545.8205453691528
1545.7751968286557,1545.8210713863025
1545.7756968286558,1545.821597373852
1545.7761968286559,1545.8221233317067
1545.776696828656,1545.8226492597753
1545.777196828656,1545.8231751579647
1545.7776968286562,1545.8237010261812
1545.7781968286563,1545.824226864332
1545.7786968286564,1545.824752672325
1545.7791968286565,1545.8252784500664
1545.7796968286566,1545.825804197464
1545.7801968286567,1545.8263299144242
1545.7806968286568,1545.8268556008545
1545.781196828657,1545.8273812566617
1545.781696828657,1545.8279068817537
1545.782196828657,1545.8284324760366
1545.7826968286572,1545.828958039418
1545.7831968286573,1545.8294835718045
1545.7836968286574,1545.8300090731043
1545.7841968286575,1545.8305345432232
1545.7846968286576,1545.831059982069
1545.7851968286577,1545.8315853895485
1545.7856968286578,1545.832110765569
1545.786196828658,1545.8326361100374
1545.786696828658,1545.833161422861
1545.7871968286581,1545.8336867039461
1545.7876968286582,1545.8342119532015
1545.7881968286583,1545.8347371705327
1545.7886968286584,1545.8352623558474
1545.7891968286585,1545.8357875090528
1545.7896968286586,1545.8363126300555
1545.7901968286587,1545.8368377187635
1545.7906968286588,1545.8373627750825
1545.791196828659,1545.837887798921
1545.791696828659,1545.838412790185
1545.7921968286591,1545.8389377487829
1545.7926968286592,1545.8394626746199
1545.7931968286593,1545.8399875676048
1545.7936968286594,1545.8405124276437
1545.7941968286596,1545.841037254644
1545.7946968286597,1545.8415620485132
1545.7951968286598,1545.842086809158
1545.7956968286599,1545.8426115364848
1545.79619682866,1545.8431362304023
1545.79669682866,1545.843660890816
1545.7971968286602,1545.8441855176334
1545.7976968286603,1545.8447101107622
1545.7981968286604,1545.8452346701092
1545.7986968286605,1545.8457591955812
1545.7991968286606,1545.846283687086
1545.7996968286607,1545.8468081445296
1545.8001968286608,1545.8473325678203
1545.8006968286609,1545.8478569568642
1545.801196828661,1545.8483813115686
1545.801696828661,1545.8489056318413
1545.8021968286612,1545.8494299175877
1545.8026968286613,1545.8499541687167
1545.8031968286614,1545.850478385135
1545.8036968286615,1545.8510025667488
1545.8041968286616,1545.851526713466
1545.8046968286617,1545.852050825194
1545.8051968286618,1545.8525749018386
1545.805696828662,1545.8530989433084
1545.806196828662,1545.8536229495091
1545.806696828662,1545.8541469203487
1545.8071968286622,1545.8546708557337
1545.8076968286623,1545.8551947555723
1545.8081968286624,1545.8557186197704
1545.8086968286625,1545.856242448235
1545.8091968286626,1545.8567662408743
1545.8096968286627,1545.8572899975943
1545.8101968286628,1545.8578137183026
1545.810696828663,1545.8583374029063
1545.811196828663,1545.858861051313
1545.8116968286631,1545.859384663428
1545.8121968286632,1545.8599082391606
1545.8126968286633,1545.8604317784166
1545.8131968286634,1545.860955281103
1545.8136968286635,1545.8614787471276
1545.8141968286636,1545.8620021763975
1545.8146968286637,1545.862525568819
1545.8151968286638,1545.8630489243
1545.815696828664,1545.8635722427466
1545.816196828664,1545.8640955240667
1545.8166968286641,1545.8646187681677
1545.8171968286642,1545.8651419749558
1545.8176968286643,1545.8656651443384
1545.8181968286644,1545.8661882762228
1545.8186968286645,1545.8667113705162
1545.8191968286646,1545.867234427125
1545.8196968286647,1545.867757445957
1545.8201968286648,1545.8682804269188
1545.820696828665,1545.8688033699177
1545.821196828665,1545.8693262748607
1545.8216968286652,1545.8698491416555
1545.8221968286653,1545.8703719702085
1545.8226968286654,1545.8708947604266
1545.8231968286655,1545.8714175122177
1545.8236968286656,1545.8719402254883
1545.8241968286657,1545.8724629001451
1545.8246968286658,1545.8729855360964
1545.8251968286659,1545.873508133248
1545.825696828666,1545.8740306915083
1545.826196828666,1545.8745532107832
1545.8266968286662,1545.8750756909806
1545.8271968286663,1545.8755981320066
1545.8276968286664,1545.87612053377
1545.8281968286665,1545.8766428961758
1545.8286968286666,1545.8771652191326
1545.8291968286667,1545.877687502547
1545.8296968286668,1545.8782097463256
1545.8301968286669,1545.8787319503767
1545.830696828667,1545.8792541146063
1545.831196828667,1545.8797762389222
1545.8316968286672,1545.8802983232308
1545.8321968286673,1545.8808203674398
1545.8326968286674,1545.8813423714557
1545.8331968286675,1545.881864335186
1545.8336968286676,1545.8823862585377
1545.8341968286677,1545.8829081414185
1545.8346968286678,1545.883429983734
1545.835196828668,1545.883951785393
1545.835696828668,1545.884473546301
1545.836196828668,1545.884995266366
1545.8366968286682,1545.8855169454953
1545.8371968286683,1545.8860385835956
1545.8376968286684,1545.8865601805737
1545.8381968286685,1545.8870817363372
1545.8386968286686,1545.8876032507928
1545.8391968286687,1545.888124723848
1545.8396968286688,1545.8886461554098
1545.840196828669,1545.8891675453847
1545.840696828669,1545.8896888936808
1545.8411968286691,1545.8902102002041
1545.8416968286692,1545.8907314648627
1545.8421968286693,1545.8912526875627
1545.8426968286694,1545.8917738682119
1545.8431968286695,1545.8922950067167
1545.8436968286696,1545.8928161029853
1545.8441968286697,1545.8933371569244
1545.8446968286698,1545.8938581684406
1545.84519682867,1545.894379137441
1545.84569682867,1545.8949000638331
1545.8461968286701,1545.895420947524
1545.8466968286702,1545.89594178842
1545.8471968286703,1545.8964625864296
1545.8476968286705,1545.8969833414585
1545.8481968286706,1545.8975040534147
1545.8486968286707,1545.8980247222048
1545.8491968286708,1545.8985453477362
1545.8496968286709,1545.8990659299157
1545.850196828671,1545.8995864686506
1545.850696828671,1545.9001069638475
1545.8511968286712,1545.9006274154146
1545.8516968286713,1545.9011478232578
1545.8521968286714,1545.901668187285
1545.8526968286715,1545.9021885074026
1545.8531968286716,1545.9027087835184
1545.8536968286717,1545.9032290155387
1545.8541968286718,1545.9037492033717
1545.8546968286719,1545.9042693469232
1545.855196828672,1545.9047894461014
1545.855696828672,1545.9053095008126
1545.8561968286722,1545.9058295109644
1545.8566968286723,1545.9063494764632
1545.8571968286724,1545.906869397217
1545.8576968286725,1545.9073892731355
1545.8581968286726,1545.9079091043739
1545.8586968286727,1545.9084288915062
1545.8591968286728,1545.9089486351475
1545.859696828673,1545.9094683359137
1545.860196828673,1545.9099879944201
1545.860696828673,1545.9105076112821
1545.8611968286732,1545.9110271871152
1545.8616968286733,1545.9115467225345
1545.8621968286734,1545.9120662181556
1545.8626968286735,1545.912585674594
1545.8631968286736,1545.9131050924652
1545.8636968286737,1545.9136244723843
1545.8641968286738,1545.914143814966
1545.864696828674,1545.9146631208278
1545.865196828674,1545.915182390583
1545.8656968286741,1545.915701624848
1545.8661968286742,1545.9162208242378
1545.8666968286743,1545.9167399893681
1545.8671968286744,1545.9172591208542
1545.8676968286745,1545.917778219312
1545.8681968286746,1545.9182972853557
1545.8686968286747,1545.9188163196015
1545.8691968286748,1545.919335322665
1545.869696828675,1545.9198542951613
1545.870196828675,1545.9203732377055
1545.8706968286751,1545.9208921509132
1545.8711968286752,1545.9214110354005
1545.8716968286753,1545.9219298917815
1545.8721968286754,1545.9224487206732
1545.8726968286755,1545.9229675226893
1545.8731968286756,1545.923486298446
1545.8736968286757,1545.9240050485594
1545.8741968286758,1545.9245237736436
1545.874696828676,1545.925042474315
1545.875196828676,1545.9255611511883
1545.8756968286762,1545.9260798048795
1545.8761968286763,1545.926598436004
1545.8766968286764,1545.9271170451757
1545.8771968286765,1545.9276356330126
1545.8776968286766,1545.9281542001281
1545.8781968286767,1545.928672747138
1545.8786968286768,1545.9291912746583
1545.8791968286769,1545.9297097833037
1545.879696828677,1545.9302282736905
1545.880196828677,1545.9307467464334
1545.8806968286772,1545.9312652021476
1545.8811968286773,1545.9317836414489
1545.8816968286774,1545.9323020649524
1545.8821968286775,1545.9328204732742
1545.8826968286776,1545.9333388670293
1545.8831968286777,1545.9338572468323
1545.8836968286778,1545.9343756132998
1545.884196828678,1545.934893967047
1545.884696828678,1545.9354123086887
1545.885196828678,1545.9359306388408
1545.8856968286782,1545.9364489581185
1545.8861968286783,1545.9369672671369
1545.8866968286784,1545.9374855665121
1545.8871968286785,1545.9380038568588
1545.8876968286786,1545.9385221387936
1545.8881968286787,1545.93904041293
1545.8886968286788,1545.9395586798848
1545.889196828679,1545.9400769402735
1545.889696828679,1545.9405951947106
1545.890196828679,1545.9411134438121
1545.8906968286792,1545.9416316881927
1545.8911968286793,1545.9421499284695
1545.8916968286794,1545.942668165256
1545.8921968286795,1545.9431863991686
1545.8926968286796,1545.9437046308224
1545.8931968286797,1545.9442228608325
1545.8936968286798,1545.944741089815
1545.89419682868,1545.9452593183853
1545.89469682868,1545.9457775471578
1545.8951968286801,1545.9462957767487
1545.8956968286802,1545.946814007773
1545.8961968286803,1545.947332240847
1545.8966968286804,1545.9478504765852
1545.8971968286805,1545.948368715603
1545.8976968286806,1545.9488869585168
1545.8981968286807,1545.9494052059406
1545.8986968286808,1545.9499234584912
1545.899196828681,1545.9504417167825
1545.899696828681,1545.9509599814307
1545.9001968286811,1545.9514782530512
1545.9006968286812,1545.9519965322595
1545.9011968286813,1545.9525148196713
1545.9016968286815,1545.9530331159012
1545.9021968286816,1545.953551421565
1545.9026968286817,1545.9540697372781
1545.9031968286818,1545.9545880636556
1545.9036968286819,1545.9551064013135
1545.904196828682,1545.9556247508672
1545.904696828682,1545.9561431129314
1545.9051968286822,1545.9566614881219
1545.9056968286823,1545.9571798770537
1545.9061968286824,1545.9576982803428
1545.9066968286825,1545.958216698605
1545.9071968286826,1545.9587351324542
1545.9076968286827,1545.9592535825075
1545.9081968286828,1545.959772049379
1545.9086968286829,1545.9602905336849
1545.909196828683,1545.9608090360398
1545.909696828683,1545.96132755706
1545.9101968286832,1545.9618460973602
1545.9106968286833,1545.9623646575565
1545.9111968286834,1545.9628832382637
1545.9116968286835,1545.9634018400973
1545.9121968286836,1545.9639204636728
1545.9126968286837,1545.9644391096056
1545.9131968286838,1545.9649577785112
1545.913696828684,1545.9654764710046
1545.914196828684,1545.9659951877022
1545.914696828684,1545.9665139292183
1545.9151968286842,1545.9670326961686
1545.9156968286843,1545.9675514891685
1545.9161968286844,1545.9680703088336
1545.9166968286845,1545.9685891557795
1545.9171968286846,1545.969108030621
1545.9176968286847,1545.969626933974
1545.9181968286848,1545.9701458664535
1545.918696828685,1545.9706648286756
1545.919196828685,1545.971183821255
1545.9196968286851,1545.971702844807
1545.9201968286852,1545.9722218999477
1545.9206968286853,1545.972740987292
1545.9211968286854,1545.973260107455
1545.9216968286855,1545.9737792610529
1545.9221968286856,1545.9742984487007
1545.9226968286857,1545.9748176710139
1545.9231968286858,1545.9753369286077
1545.923696828686,1545.9758562220975
1545.924196828686,1545.976375552099
1545.9246968286861,1545.9768949192278
1545.9251968286862,1545.9774143240982
1545.9256968286863,1545.977933767327
1545.9261968286864,1545.978453249529
1545.9266968286865,1545.9789727713187
1545.9271968286866,1545.979492333313
1545.9276968286867,1545.9800119361264
1545.9281968286869,1545.9805315803744
1545.928696828687,1545.9810512666727
1545.929196828687,1545.9815709956365
1545.9296968286872,1545.9820907678813
1545.9301968286873,1545.9826105840225
1545.9306968286874,1545.9831304446755
1545.9311968286875,1545.9836503504555
1545.9316968286876,1545.9841703019777
1545.9321968286877,1545.9846902998584
1545.9326968286878,1545.9852103447124
1545.9331968286879,1545.9857304371546
1545.933696828688,1545.9862505778017
1545.934196828688,1545.986770767268
1545.9346968286882,1545.9872910061686
1545.9351968286883,1545.9878112951205
1545.9356968286884,1545.9883316347377
1545.9361968286885,1545.988852025636
1545.9366968286886,1545.989372468431
1545.9371968286887,1545.9898929637382
1545.9376968286888,1545.9904135121728
1545.938196828689,1545.9909341143498
1545.938696828689,1545.9914547708847
1545.939196828689,1545.9919754823939
1545.9396968286892,1545.9924962494915
1545.9401968286893,1545.9930170727937
1545.9406968286894,1545.9935379529159
1545.9411968286895,1545.9940588904728
1545.9416968286896,1545.9945798860801
1545.9421968286897,1545.9951009403542
1545.9426968286898,1545.9956220539095
1545.94319682869,1545.9961432273608
1545.94369682869,1545.9966644613248
1545.94419682869,1545.9971857564162
1545.9446968286902,1545.9977071132507
1545.9451968286903,1545.9982285324436
1545.9456968286904,1545.9987500146103
1545.9461968286905,1545.9992715603662
1545.9466968286906,1545.9997931703263
1545.9471968286907,1546.000314845107
1545.9476968286908,1546.0008365853223
1545.948196828691,1546.0013583915888
1545.948696828691,1546.001880264522
1545.9491968286911,1546.002402204736
1545.9496968286912,1546.0029242128476
1545.9501968286913,1546.0034462894707
1545.9506968286914,1546.0039684352223
1545.9511968286915,1546.004490650717
1545.9516968286916,1546.0050129365704
1545.9521968286917,1546.0055352933978
1545.9526968286918,1546.006057721814
1545.953196828692,1546.0065802224353
1545.953696828692,1546.007102795877
1545.9541968286921,1546.0076254427543
1545.9546968286922,1546.0081481636823
1545.9551968286924,1546.0086709592767
1545.9556968286925,1546.0091938301532
1545.9561968286926,1546.0097167769266
1545.9566968286927,1546.0102398002132
1545.9571968286928,1546.0107629006272
1545.9576968286929,1546.011286078785
1545.958196828693,1546.0118093353012
1545.958696828693,1546.0123326707915
1545.9591968286932,1546.0128560858718
1545.9596968286933,1546.0133795811569
1545.9601968286934,1546.0139031572626
1545.9606968286935,1546.014426814804
1545.9611968286936,1546.0149505543966
1545.9616968286937,1546.015474376656
1545.9621968286938,1546.0159982821972
1545.9626968286939,1546.016522271636
1545.963196828694,1546.0170463455872
1545.963696828694,1546.0175705046668
1545.9641968286942,1546.0180947494903
1545.9646968286943,1546.0186190806726
1545.9651968286944,1546.0191434988296
1545.9656968286945,1546.0196680045758
1545.9661968286946,1546.020192598528
1545.9666968286947,1546.0207172813
1545.9671968286948,1546.0212420535088
1545.967696828695,1546.021766915769
1545.968196828695,1546.0222918686954
1545.968696828695,1546.0228169129043
1545.9691968286952,1546.023342049011
1545.9696968286953,1546.0238672776302
1545.9701968286954,1546.0243925993784
1545.9706968286955,1546.0249180148699
1545.9711968286956,1546.0254435247211
1545.9716968286957,1546.0259691295466
1545.9721968286958,1546.0264948299625
1545.972696828696,1546.027020626584
1545.973196828696,1546.027546520026
1545.9736968286961,1546.028072510904
1545.9741968286962,1546.0285985998337
1545.9746968286963,1546.0291247874306
1545.9751968286964,1546.02965107431
1545.9756968286965,1546.0301774610873
1545.9761968286966,1546.030703948378
1545.9766968286967,1546.0312305367972
1545.9771968286968,1546.0317572269603
1545.977696828697,1546.0322840194829
1545.978196828697,1546.0328109149805
1545.9786968286971,1546.033337914068
1545.9791968286972,1546.0338650173612
1545.9796968286973,1546.0343922254758
1545.9801968286974,1546.0349195390265
1545.9806968286975,1546.035446958629
1545.9811968286976,1546.0359744848993
1545.9816968286977,1546.0365021184523
1545.9821968286979,1546.0370298599025
1545.982696828698,1546.0375577098669
1545.983196828698,1546.0380856689594
1545.9836968286982,1546.0386137377966
1545.9841968286983,1546.039141916994
1545.9846968286984,1546.039670207166
1545.9851968286985,1546.0401986089284
1545.9856968286986,1546.0407271228967
1545.9861968286987,1546.0412557496863
1545.9866968286988,1546.0417844899123
1545.9871968286989,1546.0423133441907
1545.987696828699,1546.0428423131366
1545.988196828699,1546.0433713973653
1545.9886968286992,1546.043900597492
1545.9891968286993,1546.0444299141327
1545.9896968286994,1546.0449593479025
1545.9901968286995,1546.0454888994166
1545.9906968286996,1546.0460185692905
1545.9911968286997,1546.04654835814
1545.9916968286998,1546.0470782665798
1545.9921968287,1546.047608295226
1545.9926968287,1546.0481384446937
1545.9931968287,1546.0486687155978
1545.9936968287002,1546.0491991085546
1545.9941968287003,1546.0497296241795
1545.9946968287004,1546.0502602630866
1545.9951968287005,1546.0507910258925
1545.9956968287006,1546.0513219132129
1545.9961968287007,1546.0518529256622
1545.9966968287008,1546.0523840638555
1545.997196828701,1546.0529153284097
1545.997696828701,1546.0534467199393
1545.998196828701,1546.0539782390597
1545.9986968287012,1546.054509886386
1545.9991968287013,1546.0550416625344
1545.9996968287014,1546.0555735681198
1546.0001968287015,1546.056105603758
1546.0006968287016,1546.0566377700636
1546.0011968287017,1546.0571700676528
1546.0016968287018,1546.0577024971408
1546.002196828702,1546.0582350591424
1546.002696828702,1546.058767754274
1546.0031968287021,1546.0593005831506
1546.0036968287022,1546.0598335463872
1546.0041968287023,1546.0603666445995
1546.0046968287024,1546.060899878403
1546.0051968287025,1546.0614332484126
1546.0056968287026,1546.0619667552446
1546.0061968287027,1546.0625003995142
1546.0066968287028,1546.0630341818357
1546.007196828703,1546.0635681028257
1546.007696828703,1546.0641021630993
1546.0081968287031,1546.064636363272
1546.0086968287033,1546.0651707039585
1546.0091968287034,1546.0657051857752
1546.0096968287035,1546.0662398093366
1546.0101968287036,1546.0667745752587
1546.0106968287037,1546.067309484157
1546.0111968287038,1546.0678445366461
1546.0116968287039,1546.0683797333425
1546.012196828704,1546.0689150748603
1546.012696828704,1546.0694505618167
1546.0131968287042,1546.069986194825
1546.0136968287043,1546.0705219745023
1546.0141968287044,1546.0710579014628
1546.0146968287045,1546.0715939763224
1546.0151968287046,1546.072130199697
1546.0156968287047,1546.0726665722013
1546.0161968287048,1546.073203094451
1546.0166968287049,1546.0737397670614
1546.017196828705,1546.0742765906482
1546.017696828705,1546.0748135658266
1546.0181968287052,1546.0753506932115
1546.0186968287053,1546.0758879734187
1546.0191968287054,1546.0764254070637
1546.0196968287055,1546.0769629947617
1546.0201968287056,1546.0775007371287
1546.0206968287057,1546.07803863478
1546.0211968287058,1546.0785766883298
1546.021696828706,1546.0791148983947
1546.022196828706,1546.0796532655897
1546.022696828706,1546.08019179053
1546.0231968287062,1546.0807304738319
1546.0236968287063,1546.0812693161095
1546.0241968287064,1546.081808317979
1546.0246968287065,1546.082347480056
1546.0251968287066,1546.0828868029555
1546.0256968287067,1546.0834262872927
1546.0261968287068,1546.083965933683
1546.026696828707,1546.084505742742
1546.027196828707,1546.0850457150857
1546.0276968287071,1546.0855858513294
1546.0281968287072,1546.0861261520872
1546.0286968287073,1546.0866666179759
1546.0291968287074,1546.0872072496097
1546.0296968287075,1546.0877480476051
1546.0301968287076,1546.088289012577
1546.0306968287077,1546.0888301451407
1546.0311968287078,1546.089371445912
1546.031696828708,1546.0899129155061
1546.032196828708,1546.0904545545386
1546.0326968287081,1546.0909963636238
1546.0331968287082,1546.091538343379
1546.0336968287083,1546.0920804944183
1546.0341968287084,1546.0926228173569
1546.0346968287085,1546.0931653128114
1546.0351968287086,1546.0937079813955
1546.0356968287088,1546.0942508237265
1546.0361968287089,1546.0947938404186
1546.036696828709,1546.0953370320872
1546.037196828709,1546.095880399348
1546.0376968287092,1546.0964239428165
1546.0381968287093,1546.0969676631082
1546.0386968287094,1546.0975115608383
1546.0391968287095,1546.0980556366217
1546.0396968287096,1546.0985998910749
1546.0401968287097,1546.0991443248122
1546.0406968287098,1546.0996889384494
1546.0411968287099,1546.1002337326024
1546.04169682871,1546.1007787078863
1546.04219682871,1546.1013238649161
1546.0426968287102,1546.1018692043076
1546.0431968287103,1546.1024147266758
1546.0436968287104,1546.1029604326368
1546.0441968287105,1546.1035063228053
1546.0446968287106,1546.1040523977974
1546.0451968287107,1546.1045986582278
1546.0456968287108,1546.1051451047122
1546.046196828711,1546.1056917378664
1546.046696828711,1546.1062385583048
1546.047196828711,1546.1067855666438
1546.0476968287112,1546.1073327634983
1546.0481968287113,1546.107880149484
1546.0486968287114,1546.1084277252155
1546.0491968287115,1546.1089754913091
1546.0496968287116,1546.10952344838
1546.0501968287117,1546.1100715970438
1546.0506968287118,1546.1106199379153
1546.051196828712,1546.1111684716104
1546.051696828712,1546.111717198744
1546.052196828712,1546.112266119932
1546.0526968287122,1546.1128152357896
1546.0531968287123,1546.1133645469322
1546.0536968287124,1546.1139140539753
1546.0541968287125,1546.1144637575337
1546.0546968287126,1546.1150136582241
1546.0551968287127,1546.1155637566605
1546.0556968287128,1546.1161140534596
1546.056196828713,1546.1166645492358
1546.056696828713,1546.1172152446047
1546.0571968287131,1546.1177661401816
1546.0576968287132,1546.1183172365827
1546.0581968287133,1546.1188685344225
1546.0586968287134,1546.1194200343166
1546.0591968287135,1546.1199717368809
1546.0596968287136,1546.1205236427304
1546.0601968287137,1546.12107575248
1546.0606968287138,1546.1216280667463
1546.061196828714,1546.1221805861437
1546.061696828714,1546.122733311288
1546.0621968287141,1546.1232862427946
1546.0626968287143,1546.1238393812785
1546.0631968287144,1546.1243927273563
1546.0636968287145,1546.1249462816418
1546.0641968287146,1546.125500044751
1546.0646968287147,1546.1260540172998
1546.0651968287148,1546.1266081999036
1546.0656968287149,1546.1271625931768
1546.066196828715,1546.1277171977356
1546.066696828715,1546.1282720141955
1546.0671968287152,1546.1288270431714
1546.0676968287153,1546.129382285279
1546.0681968287154,1546.1299377411335
1546.0686968287155,1546.130493411351
1546.0691968287156,1546.1310492965458
1546.0696968287157,1546.1316053973342
1546.0701968287158,1546.132161714331
1546.0706968287159,1546.1327182481525
1546.071196828716,1546.1332749994128
1546.071696828716,1546.133831968728
1546.0721968287162,1546.1343891567135
1546.0726968287163,1546.1349465639846
1546.0731968287164,1546.135504191157
1546.0736968287165,1546.136062038846
1546.0741968287166,1546.1366201076667
1546.0746968287167,1546.1371783982343
1546.0751968287168,1546.1377369111647
1546.075696828717,1546.1382956470734
1546.076196828717,1546.1388546065757
1546.076696828717,1546.1394137902867
1546.0771968287172,1546.1399731988217
1546.0776968287173,1546.1405328327965
1546.0781968287174,1546.1410926928265
1546.0786968287175,1546.141652779527
1546.0791968287176,1546.1422130935132
1546.0796968287177,1546.142773635401
1546.0801968287178,1546.1433344058057
1546.080696828718,1546.143895405342
1546.081196828718,1546.1444566346258
1546.0816968287181,1546.1450180942722
1546.0821968287182,1546.1455797848973
1546.0826968287183,1546.1461417071164
1546.0831968287184,1546.146703861544
1546.0836968287185,1546.1472662487959
1546.0841968287186,1546.1478288694882
1546.0846968287187,1546.1483917242354
1546.0851968287188,1546.1489548136537
1546.085696828719,1546.149518138358
1546.086196828719,1546.1500816989642
1546.0866968287191,1546.1506454960868
1546.0871968287192,1546.1512095303417
1546.0876968287193,1546.1517738023442
1546.0881968287194,1546.15233831271
1546.0886968287195,1546.152903062054
1546.0891968287197,1546.1534680509922
1546.0896968287198,1546.1540332801396
1546.0901968287199,1546.154598750112
1546.09069682872,1546.155164461524
1546.09119682872,1546.1557304149917
1546.0916968287202,1546.1562966111305
1546.0921968287203,1546.1568630505553
1546.0926968287204,1546.157429733882
1546.0931968287205,1546.1579966617257
1546.0936968287206,1546.1585638347024
1546.0941968287207,1546.1591312534263
1546.0946968287208,1546.1596989185139
1546.0951968287209,1546.16026683058
1546.095696828721,1546.1608349902326
1546.096196828721,1546.1614033974997
1546.0966968287212,1546.1619720514475
1546.0971968287213,1546.1625409510493
1546.0976968287214,1546.1631100952802
1546.0981968287215,1546.1636794831147
1546.0986968287216,1546.164249113526
1546.0991968287217,1546.1648189854898
1546.0996968287218,1546.1653890979796
1546.100196828722,1546.1659594499697
1546.100696828722,1546.166530040434
1546.101196828722,1546.1671008683481
1546.1016968287222,1546.167671932685
1546.1021968287223,1546.1682432324196
1546.1026968287224,1546.1688147665263
1546.1031968287225,1546.1693865339794
1546.1036968287226,1546.1699585337528
1546.1041968287227,1546.1705307648217
1546.1046968287228,1546.1711032261594
1546.105196828723,1546.17167591674
1546.105696828723,1546.1722488355388
1546.1061968287231,1546.17282198153
1546.1066968287232,1546.1733953536868
1546.1071968287233,1546.1739689509848
1546.1076968287234,1546.174542772398
1546.1081968287235,1546.1751168169003
1546.1086968287236,1546.1756910834665
1546.1091968287237,1546.1762655710706
1546.1096968287238,1546.1768402786865
1546.110196828724,1546.1774152052892
1546.110696828724,1546.1779903498534
1546.1111968287241,1546.178565711352
1546.1116968287242,1546.17914128876
1546.1121968287243,1546.1797170810526
1546.1126968287244,1546.1802930872018
1546.1131968287245,1546.180869306185
1546.1136968287246,1546.181445736974
1546.1141968287247,1546.1820223785444
1546.1146968287248,1546.18259922987
1546.115196828725,1546.1831762899253
1546.115696828725,1546.1837535576844
1546.1161968287252,1546.184331032122
1546.1166968287253,1546.1849087122114
1546.1171968287254,1546.1854865969283
1546.1176968287255,1546.186064685246
1546.1181968287256,1546.1866429761396
1546.1186968287257,1546.1872214685827
1546.1191968287258,1546.18780016155
1546.1196968287259,1546.1883790540157
1546.120196828726,1546.1889581449536
1546.120696828726,1546.1895374333392
1546.1211968287262,1546.1901169181458
1546.1216968287263,1546.1906965983478
1546.1221968287264,1546.1912764729202
1546.1226968287265,1546.1918565408369
1546.1231968287266,1546.1924368010714
1546.1236968287267,1546.1930172525992
1546.1241968287268,1546.193597894394
1546.1246968287269,1546.1941787254302
1546.125196828727,1546.1947597446826
1546.125696828727,1546.195340951125
1546.1261968287272,1546.1959223437318
1546.1266968287273,1546.196503921477
1546.1271968287274,1546.1970856833348
1546.1276968287275,1546.197667628281
1546.1281968287276,1546.1982497552879
1546.1286968287277,1546.1988320633307
1546.1291968287278,1546.1994145513838
1546.129696828728,1546.199997218422
1546.130196828728,1546.200580063419
1546.130696828728,1546.2011630853488
1546.1311968287282,1546.2017462831857
1546.1316968287283,1546.2023296559048
1546.1321968287284,1546.20291320248
1546.1326968287285,1546.203496921885
1546.1331968287286,1546.2040808130953
1546.1336968287287,1546.2046648750845
1546.1341968287288,1546.2052491068266
1546.134696828729,1546.2058335072968
1546.135196828729,1546.2064180754687
1546.1356968287291,1546.207002810317
1546.1361968287292,1546.2075877108152
1546.1366968287293,1546.208172775939
1546.1371968287294,1546.2087580046614
1546.1376968287295,1546.2093433959574
1546.1381968287296,1546.2099289488015
1546.1386968287297,1546.2105146621673
1546.1391968287298,1546.2111005350291
1546.13969682873,1546.2116865663622
1546.14019682873,1546.2122727551402
1546.1406968287301,1546.2128591003373
1546.1411968287302,1546.2134456009278
1546.1416968287303,1546.2140322558864
1546.1421968287304,1546.2146190641872
1546.1426968287305,1546.2152060248043
1546.1431968287307,1546.2157931367128
1546.1436968287308,1546.2163803988863
1546.1441968287309,1546.2169678102985
1546.144696828731,1546.217555369925
1546.145196828731,1546.2181430767394
1546.1456968287312,1546.218730929716
1546.1461968287313,1546.2193189278298
1546.1466968287314,1546.2199070700538
1546.1471968287315,1546.220495355364
1546.1476968287316,1546.221083782733
1546.1481968287317,1546.2216723511365
1546.1486968287318,1546.222261059548
1546.1491968287319,1546.222849906942
1546.149696828732,1546.223438892292
1546.150196828732,1546.2240280145738
1546.1506968287322,1546.224617272761
1546.1511968287323,1546.2252066658284
1546.1516968287324,1546.2257961927492
1546.1521968287325,1546.2263858524984
1546.1526968287326,1546.2269756440503
1546.1531968287327,1546.2275655663796
1546.1536968287328,1546.2281556184598
1546.154196828733,1546.2287457992654
1546.154696828733,1546.229336107771
1546.155196828733,1546.2299265429506
1546.1556968287332,1546.230517103779
1546.1561968287333,1546.23110778923
1546.1566968287334,1546.2316985982786
1546.1571968287335,1546.2322895298983
1546.1576968287336,1546.2328805830634
1546.1581968287337,1546.2334717567485
1546.1586968287338,1546.2340630499289
1546.159196828734,1546.2346544615766
1546.159696828734,1546.235245990668
1546.1601968287341,1546.2358376361772
1546.1606968287342,1546.2364293970766
1546.1611968287343,1546.2370212723429
1546.1616968287344,1546.237613260949
1546.1621968287345,1546.2382053618694
1546.1626968287346,1546.2387975740794
1546.1631968287347,1546.239389896552
1546.1636968287348,1546.2399823282617
1546.164196828735,1546.2405748681833
1546.164696828735,1546.2411675152907
1546.1651968287351,1546.2417602685587
1546.1656968287352,1546.2423531269617
1546.1661968287353,1546.2429460894732
1546.1666968287354,1546.2435391550678
1546.1671968287355,1546.2441323227204
1546.1676968287356,1546.2447255914044
1546.1681968287357,1546.245318960095
1546.1686968287358,1546.2459124277655
1546.169196828736,1546.2465059933913
1546.169696828736,1546.2470996559462
1546.1701968287362,1546.2476934144045
1546.1706968287363,1546.2482872677404
1546.1711968287364,1546.2488812149281
1546.1716968287365,1546.2494752549421
1546.1721968287366,1546.2500693867566
1546.1726968287367,1546.2506636093467
1546.1731968287368,1546.2512579216857
1546.1736968287369,1546.2518523227477
1546.174196828737,1546.2524468115084
1546.174696828737,1546.2530413869408
1546.1751968287372,1546.2536360480199
1546.1756968287373,1546.2542307937194
1546.1761968287374,1546.2548256230143
1546.1766968287375,1546.255420534879
1546.1771968287376,1546.2560155282868
1546.1776968287377,1546.2566106022123
1546.1781968287378,1546.2572057556306
1546.1786968287379,1546.2578009875153
1546.179196828738,1546.258396296841
1546.179696828738,1546.258991682582
1546.1801968287382,1546.2595871437131
1546.1806968287383,1546.260182679207
1546.1811968287384,1546.2607782880395
1546.1816968287385,1546.2613739691847
1546.1821968287386,1546.261969721616
1546.1826968287387,1546.262565544309
1546.1831968287388,1546.2631614362374
1546.183696828739,1546.263757396375
1546.184196828739,1546.264353423697
1546.184696828739,1546.2649495171772
1546.1851968287392,1546.2655456757898
1546.1856968287393,1546.2661418985097
1546.1861968287394,1546.2667381843103
1546.1866968287395,1546.2673345321668
1546.1871968287396,1546.267930941053
1546.1876968287397,1546.2685274099438
1546.1881968287398,1546.269123937812
1546.18869682874,1546.269720523634
1546.18919682874,1546.270317166383
1546.1896968287401,1546.270913865032
1546.1901968287402,1546.2715106185583
1546.1906968287403,1546.2721074259339
1546.1911968287404,1546.2727042861338
1546.1916968287405,1546.2733011981325
1546.1921968287406,1546.273898160904
1546.1926968287407,1546.2744951734226
1546.1931968287408,1546.2750922346627
1546.193696828741,1546.275689343599
1546.194196828741,1546.2762864992046
1546.1946968287411,1546.2768837004555
1546.1951968287412,1546.277480946325
1546.1956968287413,1546.278078235787
1546.1961968287414,1546.278675567817
1546.1966968287416,1546.2792729413886
1546.1971968287417,1546.2798703554759
1546.1976968287418,1546.2804678090536
1546.1981968287419,1546.2810653010956
1546.198696828742,1546.2816628305768
1546.199196828742,1546.2822603964712
1546.1996968287422,1546.2828579977536
1546.2001968287423,1546.283455633397
1546.2006968287424,1546.2840533023762
1546.2011968287425,1546.2846510036668
1546.2016968287426,1546.285248736242
1546.2021968287427,1546.2858464990761
1546.2026968287428,1546.2864442911434
1546.2031968287429,1546.2870421114183
1546.203696828743,1546.287639958875
1546.204196828743,1546.2882378324884
1546.2046968287432,1546.288835731232
1546.2051968287433,1546.289433654081
1546.2056968287434,1546.290031600009
1546.2061968287435,1546.2906295679902
1546.2066968287436,1546.2912275569997
1546.2071968287437,1546.291825566011
1546.2076968287438,1546.2924235939986
1546.208196828744,1546.2930216399373
1546.208696828744,1546.2936197028007
1546.209196828744,1546.2942177815637
1546.2096968287442,1546.2948158752004
1546.2101968287443,1546.2954139826845
1546.2106968287444,1546.2960121029912
1546.2111968287445,1546.2966102350947
1546.2116968287446,1546.297208377969
1546.2121968287447,1546.2978065305883
1546.2126968287448,1546.298404691927
1546.213196828745,1546.29900286096
1546.213696828745,1546.2996010366603
1546.2141968287451,1546.3001992180039
1546.2146968287452,1546.3007974039633
1546.2151968287453,1546.3013955935148
1546.2156968287454,1546.3019937856307
1546.2161968287455,1546.3025919792863
1546.2166968287456,1546.3031901734564
1546.2171968287457,1546.3037883671145
1546.2176968287458,1546.3043865592351
1546.218196828746,1546.3049847487925
1546.218696828746,1546.3055829347613
1546.2191968287461,1546.3061811161153
1546.2196968287462,1546.3067792918296
1546.2201968287463,1546.3073774608777
1546.2206968287464,1546.3079756222344
1546.2211968287465,1546.308573774873
1546.2216968287466,1546.3091719177696
1546.2221968287467,1546.3097700498968
1546.2226968287468,1546.3103681702298
1546.223196828747,1546.3109662777433
1546.223696828747,1546.311564371411
1546.2241968287472,1546.3121624502062
1546.2246968287473,1546.3127605131053
1546.2251968287474,1546.3133585590815
1546.2256968287475,1546.3139565871086
1546.2261968287476,1546.3145545961615
1546.2266968287477,1546.315152585215
1546.2271968287478,1546.3157505532427
1546.2276968287479,1546.316348499219
1546.228196828748,1546.3169464221182
1546.228696828748,1546.317544320915
1546.2291968287482,1546.3181421945833
1546.2296968287483,1546.318740042098
1546.2301968287484,1546.3193378624321
1546.2306968287485,1546.319935654561
1546.2311968287486,1546.3205334174588
1546.2316968287487,1546.3211311501
1546.2321968287488,1546.3217288514586
1546.2326968287489,1546.3223265205086
1546.233196828749,1546.3229241562246
1546.233696828749,1546.3235217575816
1546.2341968287492,1546.3241193235533
1546.2346968287493,1546.3247168531136
1546.2351968287494,1546.3253143452375
1546.2356968287495,1546.3259117988987
1546.2361968287496,1546.326509213072
1546.2366968287497,1546.3271065867314
1546.2371968287498,1546.3277039188515
1546.23769682875,1546.3283012084064
1546.23819682875,1546.3288984543703
1546.23869682875,1546.3294956557181
1546.2391968287502,1546.3300928114231
1546.2396968287503,1546.3306899204604
1546.2401968287504,1546.3312869818042
1546.2406968287505,1546.3318839944284
1546.2411968287506,1546.3324809573076
1546.2416968287507,1546.3330778694162
1546.2421968287508,1546.3336747297287
1546.242696828751,1546.3342715372191
1546.243196828751,1546.3348682908613
1546.2436968287511,1546.3354649896303
1546.2441968287512,1546.3360616324996
1546.2446968287513,1546.3366582184449
1546.2451968287514,1546.3372547464392
1546.2456968287515,1546.337851215457
1546.2461968287516,1546.3384476244732
1546.2466968287517,1546.3390439724617
1546.2471968287518,1546.3396402583967
1546.247696828752,1546.3402364812532
1546.248196828752,1546.3408326400045
1546.2486968287521,1546.3414287336257
1546.2491968287522,1546.3420247610907
1546.2496968287523,1546.3426207213736
1546.2501968287525,1546.3432166134496
1546.2506968287526,1546.3438124362922
1546.2511968287527,1546.3444081888758
1546.2516968287528,1546.3450038701742
1546.2521968287529,1546.3455994791634
1546.252696828753,1546.3461950148164
1546.253196828753,1546.3467904761071
1546.2536968287532,1546.3473858620116
1546.2541968287533,1546.3479811715024
1546.2546968287534,1546.3485764035545
1546.2551968287535,1546.3491715571424
1546.2556968287536,1546.3497666312396
1546.2561968287537,1546.3503616248217
1546.2566968287538,1546.350956536862
1546.2571968287539,1546.3515513663353
1546.257696828754,1546.3521461122155
1546.258196828754,1546.3527407734775
1546.2586968287542,1546.3533353490948
1546.2591968287543,1546.3539298380422
1546.2596968287544,1546.354524239294
1546.2601968287545,1546.3551185518247
1546.2606968287546,1546.3557127746078
1546.2611968287547,1546.3563069066188
1546.2616968287548,1546.3569009468313
1546.262196828755,1546.3574948942194
1546.262696828755,1546.3580887477574
1546.263196828755,1546.3586825064208
1546.2636968287552,1546.359276169182
1546.2641968287553,1546.3598697350174
1546.2646968287554,1546.3604632028994
1546.2651968287555,1546.3610565718034
1546.2656968287556,1546.361649840703
1546.2661968287557,1546.3622430085736
1546.2666968287558,1546.3628360743887
1546.267196828756,1546.3634290371226
1546.267696828756,1546.3640218957498
1546.2681968287561,1546.3646146492447
1546.2686968287562,1546.3652072965808
1546.2691968287563,1546.3657998367341
1546.2696968287564,1546.3663922686771
1546.2701968287565,1546.3669845913855
1546.2706968287566,1546.3675768038327
1546.2711968287567,1546.3681689049934
1546.2716968287568,1546.3687608938417
1546.272196828757,1546.3693527693522
1546.272696828757,1546.3699445304983
1546.2731968287571,1546.3705361762559
1546.2736968287572,1546.3711277055986
1546.2741968287573,1546.3717191175
1546.2746968287574,1546.372310410935
1546.2751968287575,1546.3729015848783
1546.2756968287576,1546.3734926383029
1546.2761968287577,1546.3740835701847
1546.2766968287578,1546.3746743794975
1546.277196828758,1546.375265065215
1546.277696828758,1546.3758556263115
1546.2781968287582,1546.3764460617622
1546.2786968287583,1546.3770363705407
1546.2791968287584,1546.3776265516221
1546.2796968287585,1546.3782166039798
1546.2801968287586,1546.378806526588
1546.2806968287587,1546.3793963184219
1546.2811968287588,1546.3799859784556
1546.2816968287589,1546.3805755056626
1546.282196828759,1546.3811648990177
1546.282696828759,1546.3817541574954
1546.2831968287592,1546.3823432800702
1546.2836968287593,1546.3829322657161
1546.2841968287594,1546.3835211134071
1546.2846968287595,1546.3841098221183
1546.2851968287596,1546.3846983908225
1546.2856968287597,1546.3852868184958
1546.2861968287598,1546.3858751041116
1546.28669682876,1546.3864632466446
1546.28719682876,1546.387051245068
1546.28769682876,1546.3876390983576
1546.2881968287602,1546.3882268054872
1546.2886968287603,1546.38881436543
1546.2891968287604,1546.3894017771622
1546.2896968287605,1546.3899890396567
1546.2901968287606,1546.3905761518886
1546.2906968287607,1546.391163112832
1546.2911968287608,1546.391749921461
1546.291696828761,1546.3923365767496
1546.292196828761,1546.3929230776728
1546.292696828761,1546.3935094232047
1546.2931968287612,1546.3940956123192
1546.2936968287613,1546.394681643991
1546.2941968287614,1546.3952675171945
1546.2946968287615,1546.395853230904
1546.2951968287616,1546.3964387840933
1546.2956968287617,1546.3970241757374
1546.2961968287618,1546.39760940481
1546.296696828762,1546.3981944702857
1546.297196828762,1546.3987793711385
1546.2976968287621,1546.3993641063437
1546.2981968287622,1546.3999486748742
1546.2986968287623,1546.4005330757057
1546.2991968287624,1546.4011173078109
1546.2996968287625,1546.4017013701655
1546.3001968287626,1546.4022852617434
1546.3006968287627,1546.4028689815186
1546.3011968287628,1546.403452528466
1546.301696828763,1546.4040359015594
1546.302196828763,1546.404619099773
1546.3026968287631,1546.4052021220816
1546.3031968287632,1546.405784967459
1546.3036968287633,1546.4063676348803
1546.3041968287635,1546.4069501233184
1546.3046968287636,1546.407532431749
1546.3051968287637,1546.408114559146
1546.3056968287638,1546.408696504484
1546.3061968287639,1546.4092782667358
1546.306696828764,1546.4098598448777
1546.307196828764,1546.4104412378827
1546.3076968287642,1546.4110224447256
1546.3081968287643,1546.4116034643805
1546.3086968287644,1546.4121842958223
1546.3091968287645,1546.4127649380243
1546.3096968287646,1546.4133453899615
1546.3101968287647,1546.413925650608
1546.3106968287648,1546.4145057189385
1546.3111968287649,1546.4150855939267
1546.311696828765,1546.415665274547
1546.312196828765,1546.4162447597741
1546.3126968287652,1546.4168240485826
1546.3131968287653,1546.417403139946
1546.3136968287654,1546.4179820328388
1546.3141968287655,1546.4185607262348
1546.3146968287656,1546.4191392191096
1546.3151968287657,1546.419717510437
1546.3156968287658,1546.4202955991907
1546.316196828766,1546.4208734843453
1546.316696828766,1546.4214511648759
1546.317196828766,1546.422028639756
1546.3176968287662,1546.4226059079597
1546.3181968287663,1546.4231829684618
1546.3186968287664,1546.4237598202367
1546.3191968287665,1546.424336462258
1546.3196968287666,1546.4249128935012
1546.3201968287667,1546.425489112939
1546.3206968287668,1546.4260651195475
1546.321196828767,1546.4266409122993
1546.321696828767,1546.42721649017
1546.3221968287671,1546.4277918521334
1546.3226968287672,1546.4283669971635
1546.3231968287673,1546.4289419242357
1546.3236968287674,1546.4295166323436
1546.3241968287675,1546.4300911211296
1546.3246968287676,1546.4306653909912
1546.3251968287677,1546.4312394423675
1546.3256968287678,1546.4318132756996
1546.326196828768,1546.4323868914264
1546.326696828768,1546.432960289989
1546.3271968287681,1546.433533471827
1546.3276968287682,1546.4341064373805
1546.3281968287683,1546.4346791870908
1546.3286968287684,1546.4352517213954
1546.3291968287685,1546.4358240407366
1546.3296968287686,1546.4363961455533
1546.3301968287687,1546.4369680362868
1546.3306968287689,1546.4375397133754
1546.331196828769,1546.4381111772611
1546.331696828769,1546.4386824283827
1546.3321968287692,1546.4392534671808
1546.3326968287693,1546.4398242940954
1546.3331968287694,1546.4403949095663
1546.3336968287695,1546.4409653140333
1546.3341968287696,1546.441535507938
1546.3346968287697,1546.4421054917188
1546.3351968287698,1546.442675265817
1546.3356968287699,1546.4432448306711
1546.33619682877,1546.443814186723
1546.33669682877,1546.444383334412
1546.3371968287702,1546.444952274178
1546.3376968287703,1546.445521006461
1546.3381968287704,1546.446089531702
1546.3386968287705,1546.4466578503395
1546.3391968287706,1546.4472259628155
1546.3396968287707,1546.4477938695682
1546.3401968287708,1546.4483615710392
1546.340696828771,1546.4489290676674
1546.341196828771,1546.4494963598938
1546.341696828771,1546.4500634481578
1546.3421968287712,1546.4506303329001
1546.3426968287713,1546.4511970145602
1546.3431968287714,1546.451763493579
1546.3436968287715,1546.4523297703952
1546.3441968287716,1546.4528958454503
1546.3446968287717,1546.4534617191835
1546.3451968287718,1546.4540273920359
1546.345696828772,1546.454592864446
1546.346196828772,1546.455158136855
1546.346696828772,1546.455723209703
1546.3471968287722,1546.4562880834292
1546.3476968287723,1546.4568527584747
1546.3481968287724,1546.4574172352789
1546.3486968287725,1546.4579815142824
1546.3491968287726,1546.458545595925
1546.3496968287727,1546.4591094806467
1546.3501968287728,1546.4596731688878
1546.350696828773,1546.4602366610884
1546.351196828773,1546.4607999576879
1546.3516968287731,1546.461363059128
1546.3521968287732,1546.4619259658473
1546.3526968287733,1546.4624886782858
1546.3531968287734,1546.4630511968846
1546.3536968287735,1546.4636135220826
1546.3541968287736,1546.4641756543213
1546.3546968287737,1546.4647375940397
1546.3551968287738,1546.465299341678
1546.355696828774,1546.4658608976765
1546.356196828774,1546.4664222624756
1546.3566968287741,1546.466983436515
1546.3571968287742,1546.467544420235
1546.3576968287744,1546.4681052140747
1546.3581968287745,1546.4686658184758
1546.3586968287746,1546.4692262338776
1546.3591968287747,1546.46978646072
1546.3596968287748,1546.4703464994432
1546.3601968287749,1546.4709063504872
1546.360696828775,1546.4714660142924
1546.361196828775,1546.4720254912988
1546.3616968287752,1546.472584781946
1546.3621968287753,1546.473143886675
1546.3626968287754,1546.4737028059246
1546.3631968287755,1546.4742615401362
1546.3636968287756,1546.4748200897493
1546.3641968287757,1546.4753784552036
1546.3646968287758,1546.4759366369397
1546.3651968287759,1546.4764946353976
1546.365696828776,1546.4770524510177
1546.366196828776,1546.4776100842387
1546.3666968287762,1546.4781675355032
1546.3671968287763,1546.4787248052478
1546.3676968287764,1546.4792818939163
1546.3681968287765,1546.4798388019462
1546.3686968287766,1546.480395529779
1546.3691968287767,1546.4809520778533
1546.3696968287768,1546.4815084466109
1546.370196828777,1546.4820646364906
1546.370696828777,1546.4826206479333
1546.371196828777,1546.4831764813785
1546.3716968287772,1546.4837321372663
1546.3721968287773,1546.4842876160374
1546.3726968287774,1546.4848429181313
1546.3731968287775,1546.485398043988
1546.3736968287776,1546.4859529940484
1546.3741968287777,1546.4865077687514
1546.3746968287778,1546.4870623685383
1546.375196828778,1546.4876167938478
1546.375696828778,1546.4881710451216
1546.3761968287781,1546.4887251227983
1546.3766968287782,1546.489279027319
1546.3771968287783,1546.4898327591234
1546.3776968287784,1546.4903863186516
1546.3781968287785,1546.4909397063434
1546.3786968287786,1546.4914929226393
1546.3791968287787,1546.4920459679793
1546.3796968287788,1546.4925988428035
1546.380196828779,1546.4931515475516
1546.380696828779,1546.4937040826642
1546.3811968287791,1546.4942564485812
1546.3816968287792,1546.494808645743
1546.3821968287793,1546.4953606745883
1546.3826968287794,1546.4959125355585
1546.3831968287795,1546.4964642290938
1546.3836968287796,1546.497015755634
1546.3841968287797,1546.4975671156183
1546.3846968287799,1546.4981183094883
1546.38519682878,1546.498669337683
1546.38569682878,1546.4992202006426
1546.3861968287802,1546.4997708988076
1546.3866968287803,1546.5003214326177
1546.3871968287804,1546.5008718025133
1546.3876968287805,1546.5014220089345
1546.3881968287806,1546.501972052321
1546.3886968287807,1546.5025219331133
1546.3891968287808,1546.5030716517506
1546.3896968287809,1546.5036212086745
1546.390196828781,1546.5041706043235
1546.390696828781,1546.5047198391392
1546.3911968287812,1546.5052689135603
1546.3916968287813,1546.5058178280274
1546.3921968287814,1546.506366582981
1546.3926968287815,1546.5069151788612
1546.3931968287816,1546.5074636161066
1546.3936968287817,1546.5080118951591
1546.3941968287818,1546.508560016458
1546.394696828782,1546.5091079804438
1546.395196828782,1546.5096557875556
1546.395696828782,1546.5102034382348
1546.3961968287822,1546.5107509329202
1546.3966968287823,1546.5112982720532
1546.3971968287824,1546.511845456072
1546.3976968287825,1546.512392485419
1546.3981968287826,1546.5129393605328
1546.3986968287827,1546.5134860818537
1546.3991968287828,1546.5140326498217
1546.399696828783,1546.5145790648778
1546.400196828783,1546.5151253274605
1546.400696828783,1546.5156714380114
1546.4011968287832,1546.5162173969695
1546.4016968287833,1546.5167632047753
1546.4021968287834,1546.517308861869
1546.4026968287835,1546.517854368691
1546.4031968287836,1546.5183997256804
1546.4036968287837,1546.518944933278
1546.4041968287838,1546.5194899919238
1546.404696828784,1546.520034902058
1546.405196828784,1546.5205796641203
1546.4056968287841,1546.5211242785506
1546.4061968287842,1546.5216687457898
1546.4066968287843,1546.5222130662773
1546.4071968287844,1546.5227572404535
1546.4076968287845,1546.5233012687584
1546.4081968287846,1546.523845151632
1546.4086968287847,1546.5243888895145
1546.4091968287848,1546.524932482846
1546.409696828785,1546.5254759320662
1546.410196828785,1546.5260192376156
1546.4106968287851,1546.5265623999348
1546.4111968287853,1546.5271054194625
1546.4116968287854,1546.5276482966399
1546.4121968287855,1546.5281910319065
1546.4126968287856,1546.5287336257027
1546.4131968287857,1546.529276078469
1546.4136968287858,1546.529818390644
1546.4141968287859,1546.5303605626693
1546.414696828786,1546.5309025949846
1546.415196828786,1546.5314444880298
1546.4156968287862,1546.5319862422446
1546.4161968287863,1546.5325278580697
1546.4166968287864,1546.5330693359451
1546.4171968287865,1546.5336106763104
1546.4176968287866,1546.5341518796063
1546.4181968287867,1546.5346929462726
1546.4186968287868,1546.5352338767493
1546.4191968287869,1546.5357746714767
1546.419696828787,1546.5363153308942
1546.420196828787,1546.5368558554433
1546.4206968287872,1546.5373962455621
1546.4211968287873,1546.5379365016931
1546.4216968287874,1546.5384766242742
1546.4221968287875,1546.5390166137468
1546.4226968287876,1546.53955647055
1546.4231968287877,1546.5400961951252
1546.4236968287878,1546.540635787911
1546.424196828788,1546.5411752493485
1546.424696828788,1546.5417145798774
1546.425196828788,1546.5422537799382
1546.4256968287882,1546.54279284997
1546.4261968287883,1546.543331790414
1546.4266968287884,1546.5438706017096
1546.4271968287885,1546.544409284297
1546.4276968287886,1546.5449478386163
1546.4281968287887,1546.545486265108
1546.4286968287888,1546.5460245642114
1546.429196828789,1546.5465627363674
1546.429696828789,1546.5471007820154
1546.4301968287891,1546.5476387015958
1546.4306968287892,1546.548176495549
1546.4311968287893,1546.548714164314
1546.4316968287894,1546.5492517083326
1546.4321968287895,1546.5497891280427
1546.4326968287896,1546.5503264238864
1546.4331968287897,1546.5508635963033
1546.4336968287898,1546.551400645732
1546.43419682879,1546.551937572615
1546.43469682879,1546.55247437739
1546.4351968287901,1546.5530110604986
1546.4356968287902,1546.5535476223804
1546.4361968287903,1546.554084063476
1546.4366968287904,1546.5546203842246
1546.4371968287905,1546.5551565850665
1546.4376968287906,1546.5556926664424
1546.4381968287908,1546.556228628792
1546.4386968287909,1546.5567644725552
1546.439196828791,1546.557300198172
1546.439696828791,1546.557835806083
1546.4401968287912,1546.558371296728
1546.4406968287913,1546.5589066705468
1546.4411968287914,1546.5594419279803
1546.4416968287915,1546.5599770694675
1546.4421968287916,1546.5605120954497
1546.4426968287917,1546.5610470063655
1546.4431968287918,1546.5615818026563
1546.4436968287919,1546.5621164847616
1546.444196828792,1546.5626510531215
1546.444696828792,1546.563185508176
1546.4451968287922,1546.5637198503655
1546.4456968287923,1546.5642540801298
1546.4461968287924,1546.5647881979091
1546.4466968287925,1546.5653222041433
1546.4471968287926,1546.565856099273
1546.4476968287927,1546.5663898837377
1546.4481968287928,1546.5669235579778
1546.448696828793,1546.5674571224333
1546.449196828793,1546.5679905775444
1546.449696828793,1546.5685239237507
1546.4501968287932,1546.5690571614928
1546.4506968287933,1546.5695902912107
1546.4511968287934,1546.5701233133443
1546.4516968287935,1546.5706562283337
1546.4521968287936,1546.5711890366192
1546.4526968287937,1546.571721738641
1546.4531968287938,1546.5722543348384
1546.453696828794,1546.5727868256522
1546.454196828794,1546.5733192115226
1546.454696828794,1546.5738514928887
1546.4551968287942,1546.574383670192
1546.4556968287943,1546.5749157438713
1546.4561968287944,1546.5754477143676
1546.4566968287945,1546.5759795821202
1546.4571968287946,1546.5765113475697
1546.4576968287947,1546.577043011156
1546.4581968287948,1546.5775745733192
1546.458696828795,1546.5781060345
1546.459196828795,1546.5786373951373
1546.4596968287951,1546.5791686556718
1546.4601968287952,1546.579699816544
1546.4606968287953,1546.5802308781938
1546.4611968287954,1546.5807618410602
1546.4616968287955,1546.5812927055845
1546.4621968287956,1546.5818234722065
1546.4626968287957,1546.5823541413658
1546.4631968287958,1546.5828847135028
1546.463696828796,1546.5834151890579
1546.464196828796,1546.5839455684707
1546.4646968287961,1546.5844758521823
1546.4651968287963,1546.5850060406312
1546.4656968287964,1546.5855361342583
1546.4661968287965,1546.5860661335041
1546.4666968287966,1546.5865960388082
1546.4671968287967,1546.5871258506102
1546.4676968287968,1546.587655569351
1546.4681968287969,1546.5881851954703
1546.468696828797,1546.5887147294084
1546.469196828797,1546.589244171605
1546.4696968287972,1546.5897735225005
1546.4701968287973,1546.5903027825352
1546.4706968287974,1546.5908319521486
1546.4711968287975,1546.5913610317812
1546.4716968287976,1546.5918900218726
1546.4721968287977,1546.5924189228638
1546.4726968287978,1546.592947735194
1546.4731968287979,1546.5934764593035
1546.473696828798,1546.5940050956328
1546.474196828798,1546.5945336446214
1546.4746968287982,1546.5950621067095
1546.4751968287983,1546.5955904823377
1546.4756968287984,1546.5961187719452
1546.4761968287985,1546.5966469759728
1546.4766968287986,1546.5971750948606
1546.4771968287987,1546.597703129048
1546.4776968287988,1546.5982310789764
1546.478196828799,1546.5987589450845
1546.478696828799,1546.5992867278126
1546.479196828799,1546.599814427601
1546.4796968287992,1546.6003420448903
1546.4801968287993,1546.6008695801202
1546.4806968287994,1546.6013970337303
1546.4811968287995,1546.6019244061613
1546.4816968287996,1546.6024516978532
1546.4821968287997,1546.6029789092458
1546.4826968287998,1546.6035060407794
1546.4831968288,1546.604033092894
1546.4836968288,1546.6045600660298
1546.4841968288001,1546.6050869606263
1546.4846968288002,1546.6056137771247
1546.4851968288003,1546.6061405159646
1546.4856968288004,1546.6066671775855
1546.4861968288005,1546.6071937624279
1546.4866968288006,1546.6077202709318
1546.4871968288007,1546.6082467035376
1546.4876968288008,1546.608773060685
1546.488196828801,1546.6092993428144
1546.488696828801,1546.609825550366
1546.4891968288011,1546.6103516837793
1546.4896968288012,1546.6108777434943
1546.4901968288013,1546.611403729952
1546.4906968288014,1546.6119296435918
1546.4911968288015,1546.612455484854
1546.4916968288017,1546.6129812541785
1546.4921968288018,1546.6135069520058
1546.4926968288019,1546.614032578775
1546.493196828802,1546.6145581349274
1546.493696828802,1546.6150836209026
1546.4941968288022,1546.6156090371403
1546.4946968288023,1546.616134384081
1546.4951968288024,1546.616659662165
1546.4956968288025,1546.617184871832
1546.4961968288026,1546.617710013522
1546.4966968288027,1546.6182350876752
1546.4971968288028,1546.6187600947314
1546.4976968288029,1546.6192850351313
1546.498196828803,1546.6198099093149
1546.498696828803,1546.6203347177222
1546.4991968288032,1546.6208594607924
1546.4996968288033,1546.6213841389667
1546.5001968288034,1546.6219087526847
1546.5006968288035,1546.6224333023868
1546.5011968288036,1546.6229577885128
1546.5016968288037,1546.623482211503
1546.5021968288038,1546.624006571797
1546.502696828804,1546.6245308698353
1546.503196828804,1546.6250551060584
1546.503696828804,1546.6255792809052
1546.5041968288042,1546.6261033948167
1546.5046968288043,1546.6266274482325
1546.5051968288044,1546.6271514415932
1546.5056968288045,1546.6276753753386
1546.5061968288046,1546.628199249909
1546.5066968288047,1546.628723065744
1546.5071968288048,1546.629246823284
1546.507696828805,1546.629770522969
1546.508196828805,1546.6302941652389
1546.5086968288051,1546.630817750534
1546.5091968288052,1546.6313412792947
1546.5096968288053,1546.6318647519608
1546.5101968288054,1546.632388168972
1546.5106968288055,1546.632911530769
1546.5111968288056,1546.6334348377911
1546.5116968288057,1546.6339580904796
1546.5121968288058,1546.6344812892737
1546.512696828806,1546.6350044346136
1546.513196828806,1546.635527526939
1546.5136968288061,1546.6360505666908
1546.5141968288062,1546.6365735543086
1546.5146968288063,1546.6370964902326
1546.5151968288064,1546.6376193749027
1546.5156968288065,1546.6381422087595
1546.5161968288066,1546.6386649922424
1546.5166968288067,1546.639187725792
1546.5171968288068,1546.639710409848
1546.517696828807,1546.6402330448507
1546.518196828807,1546.6407556312404
1546.5186968288072,1546.6412781694564
1546.5191968288073,1546.6418006599397
1546.5196968288074,1546.6423231031304
1546.5201968288075,1546.6428454994673
1546.5206968288076,1546.6433678493918
1546.5211968288077,1546.6438901533436
1546.5216968288078,1546.6444124117625
1546.5221968288079,1546.644934625089
1546.522696828808,1546.6454567937628
1546.523196828808,1546.6459789182243
1546.5236968288082,1546.6465009989136
1546.5241968288083,1546.6470230362702
1546.5246968288084,1546.6475450307346
1546.5251968288085,1546.6480669827472
1546.5256968288086,1546.6485888927475
1546.5261968288087,1546.6491107611762
1546.5266968288088,1546.649632588473
1546.5271968288089,1546.6501543750776
1546.527696828809,1546.650676121431
1546.528196828809,1546.6511978279723
1546.5286968288092,1546.6517194951425
1546.5291968288093,1546.6522411233811
1546.5296968288094,1546.6527627131284
1546.5301968288095,1546.6532842648244
1546.5306968288096,1546.6538057789091
1546.5311968288097,1546.6543272558224
1546.5316968288098,1546.654848696005
1546.53219682881,1546.6553700998966
1546.53269682881,1546.6558914679372
1546.53319682881,1546.656412800567
1546.5336968288102,1546.6569340982264
1546.5341968288103,1546.6574553613548
1546.5346968288104,1546.6579765903923
1546.5351968288105,1546.6584977857801
1546.5356968288106,1546.6590189479568
1546.5361968288107,1546.659540077364
1546.5366968288108,1546.6600611744404
1546.537196828811,1546.660582239627
1546.537696828811,1546.661103273363
1546.5381968288111,1546.6616242760895
1546.5386968288112,1546.6621452482455
1546.5391968288113,1546.6626661902721
1546.5396968288114,1546.663187102609
1546.5401968288115,1546.6637079856962
1546.5406968288116,1546.6642288399742
1546.5411968288117,1546.6647496658818
1546.5416968288118,1546.665270463861
1546.542196828812,1546.6657912343496
1546.542696828812,1546.6663119777902
1546.5431968288121,1546.6668326946208
1546.5436968288122,1546.667353385283
1546.5441968288123,1546.667874050216
1546.5446968288124,1546.6683946898595
1546.5451968288125,1546.668915304655
1546.5456968288127,1546.669435895041
1546.5461968288128,1546.6699564614587
1546.5466968288129,1546.6704770043475
1546.547196828813,1546.6709975241483
1546.547696828813,1546.6715180213005
1546.5481968288132,1546.6720384962439
1546.5486968288133,1546.6725589494197
1546.5491968288134,1546.673079381267
1546.5496968288135,1546.673599792226
1546.5501968288136,1546.674120182737
1546.5506968288137,1546.6746405532404
1546.5511968288138,1546.675160904176
1546.5516968288139,1546.6756812359833
1546.552196828814,1546.676201549103
1546.552696828814,1546.6767218439752
1546.5531968288142,1546.67724212104
1546.5536968288143,1546.6777623807372
1546.5541968288144,1546.6782826235071
1546.5546968288145,1546.67880284979
1546.5551968288146,1546.679323060025
1546.5556968288147,1546.6798432546536
1546.5561968288148,1546.6803634341145
1546.556696828815,1546.6808835988488
1546.557196828815,1546.681403749296
1546.557696828815,1546.6819238858966
1546.5581968288152,1546.6824440090907
1546.5586968288153,1546.6829641193178
1546.5591968288154,1546.6834842170183
1546.5596968288155,1546.6840043026327
1546.5601968288156,1546.6845243766006
1546.5606968288157,1546.685044439362
1546.5611968288158,1546.6855644913571
1546.561696828816,1546.6860845330266
1546.562196828816,1546.6866045648094
1546.5626968288161,1546.6871245871464
1546.5631968288162,1546.6876446004774
1546.5636968288163,1546.688164605243
1546.5641968288164,1546.6886846018824
1546.5646968288165,1546.6892045908367
1546.5651968288166,1546.6897245725447
1546.5656968288167,1546.6902445474477
1546.5661968288168,1546.690764515985
1546.566696828817,1546.691284478597
1546.567196828817,1546.691804435724
1546.5676968288171,1546.692324387806
1546.5681968288172,1546.6928443352826
1546.5686968288173,1546.6933642785941
1546.5691968288174,1546.6938842181805
1546.5696968288175,1546.6944041544828
1546.5701968288176,1546.6949240879399
1546.5706968288177,1546.6954440189925
1546.5711968288178,1546.69596394808
1546.571696828818,1546.6964838756435
1546.572196828818,1546.6970038021223
1546.5726968288182,1546.6975237279569
1546.5731968288183,1546.698043653587
1546.5736968288184,1546.698563579453
1546.5741968288185,1546.6990835059955
1546.5746968288186,1546.699603433653
1546.5751968288187,1546.7001233628673
1546.5756968288188,1546.7006432940773
1546.5761968288189,1546.7011632277236
1546.576696828819,1546.7016831642468
1546.577196828819,1546.7022031040854
1546.5776968288192,1546.7027230476815
1546.5781968288193,1546.7032429954731
1546.5786968288194,1546.7037629479019
1546.5791968288195,1546.7042829054076
1546.5796968288196,1546.7048028684296
1546.5801968288197,1546.7053228374086
1546.5806968288198,1546.7058428127848
1546.5811968288199,1546.706362794998
1546.58169682882,1546.7068827844882
1546.58219682882,1546.7074027816955
1546.5826968288202,1546.7079227870602
1546.5831968288203,1546.7084428010226
1546.5836968288204,1546.708962824022
1546.5841968288205,1546.7094828564989
1546.5846968288206,1546.7100028988937
1546.5851968288207,1546.7105229516458
1546.5856968288208,1546.711043015196
1546.586196828821,1546.7115630899843
1546.586696828821,1546.71208317645
1546.587196828821,1546.712603275034
1546.5876968288212,1546.713123386176
1546.5881968288213,1546.7136435103166
1546.5886968288214,1546.714163647895
1546.5891968288215,1546.7146837993519
1546.5896968288216,1546.7152039651269
1546.5901968288217,1546.7157241456607
1546.5906968288218,1546.7162443413936
1546.591196828822,1546.7167645527647
1546.591696828822,1546.7172847802142
1546.5921968288221,1546.7178050241828
1546.5926968288222,1546.7183252851105
1546.5931968288223,1546.7188455634368
1546.5936968288224,1546.7193658596025
1546.5941968288225,1546.7198861740476
1546.5946968288226,1546.7204065072117
1546.5951968288227,1546.720926859535
1546.5956968288228,1546.7214472314577
1546.596196828823,1546.72196762342
1546.596696828823,1546.722488035862
1546.5971968288231,1546.7230084692235
1546.5976968288232,1546.7235289239445
1546.5981968288233,1546.724049400466
1546.5986968288234,1546.724569899227
1546.5991968288236,1546.7250904206676
1546.5996968288237,1546.7256109652287
1546.6001968288238,1546.7261315333496
1546.6006968288239,1546.7266521254714
1546.601196828824,1546.727172742033
1546.601696828824,1546.7276933834753
1546.6021968288242,1546.7282140502375
1546.6026968288243,1546.7287347427607
1546.6031968288244,1546.7292554614842
1546.6036968288245,1546.7297762068488
1546.6041968288246,1546.7302969792945
1546.6046968288247,1546.7308177792602
1546.6051968288248,1546.7313386071876
1546.6056968288249,1546.7318594635158
1546.606196828825,1546.7323803486847
1546.606696828825,1546.7329012631355
1546.6071968288252,1546.733422207307
1546.6076968288253,1546.7339431816404
1546.6081968288254,1546.734464186575
1546.6086968288255,1546.7349852225511
1546.6091968288256,1546.7355062900087
1546.6096968288257,1546.736027389388
1546.6101968288258,1546.7365485211294
1546.610696828826,1546.7370696856724
1546.611196828826,1546.737590883457
1546.611696828826,1546.7381121149247
1546.6121968288262,1546.7386333805139
1546.6126968288263,1546.7391546806648
1546.6131968288264,1546.7396760158188
1546.6136968288265,1546.7401973864146
1546.6141968288266,1546.7407187928927
1546.6146968288267,1546.7412402356938
1546.6151968288268,1546.741761715257
1546.615696828827,1546.7422832320237
1546.616196828827,1546.7428047864325
1546.6166968288271,1546.7433263789242
1546.6171968288272,1546.743848009939
1546.6176968288273,1546.7443696799166
1546.6181968288274,1546.7448913892972
1546.6186968288275,1546.7454131385211
1546.6191968288276,1546.7459349280286
1546.6196968288277,1546.7464567582592
1546.6201968288278,1546.7469786296529
1546.620696828828,1546.7475005426504
1546.621196828828,1546.7480224976912
1546.6216968288281,1546.7485444952163
1546.6221968288282,1546.7490665356645
1546.6226968288283,1546.7495886194768
1546.6231968288284,1546.7501107470925
1546.6236968288285,1546.7506329189528
1546.6241968288286,1546.751155135497
1546.6246968288287,1546.7516773971652
1546.6251968288288,1546.7521997043978
1546.625696828829,1546.7527220576346
1546.626196828829,1546.7532444573162
1546.6266968288292,1546.7537669038816
1546.6271968288293,1546.7542893977718
1546.6276968288294,1546.7548119394266
1546.6281968288295,1546.7553345292865
1546.6286968288296,1546.7558571677912
1546.6291968288297,1546.7563798553804
1546.6296968288298,1546.7569025924947
1546.6301968288299,1546.757425379574
1546.63069682883,1546.7579482170581
1546.63119682883,1546.758471105388
1546.6316968288302,1546.758994045003
1546.6321968288303,1546.7595170363434
1546.6326968288304,1546.7600400798492
1546.6331968288305,1546.7605631759607
1546.6336968288306,1546.7610863251175
1546.6341968288307,1546.76160952776
1546.6346968288308,1546.7621327843285
1546.6351968288309,1546.7626560952626
1546.635696828831,1546.7631794610031
1546.636196828831,1546.7637028819895
1546.6366968288312,1546.7642263586617
1546.6371968288313,1546.7647498914605
1546.6376968288314,1546.7652734808248
1546.6381968288315,1546.7657971271963
1546.6386968288316,1546.7663208310137
1546.6391968288317,1546.766844592718
1546.6396968288318,1546.7673684127487
1546.640196828832,1546.7678922915466
1546.640696828832,1546.7684162295504
1546.641196828832,1546.768940227202
1546.6416968288322,1546.7694642849394
1546.6421968288323,1546.7699884032043
1546.6426968288324,1546.7705125824368
1546.6431968288325,1546.7710368230757
1546.6436968288326,1546.7715611255624
1546.6441968288327,1546.772085490336
1546.6446968288328,1546.7726099178371
1546.645196828833,1546.7731344085062
1546.645696828833,1546.773658962782
1546.6461968288331,1546.7741835811066
1546.6466968288332,1546.774708263918
1546.6471968288333,1546.7752330116573
1546.6476968288334,1546.775757824765
1546.6481968288335,1546.7762827036802
1546.6486968288336,1546.7768076488437
1546.6491968288337,1546.7773326606955
1546.6496968288338,1546.7778577396755
1546.650196828834,1546.7783828862234
1546.650696828834,1546.7789081007802
1546.6511968288341,1546.779433383785
1546.6516968288342,1546.7799587356785
1546.6521968288343,1546.7804841569011
1546.6526968288345,1546.781009647892
1546.6531968288346,1546.781535209092
1546.6536968288347,1546.7820608409404
1546.6541968288348,1546.782586543878
1546.6546968288349,1546.7831123183448
1546.655196828835,1546.7836381647808
1546.655696828835,1546.7841640836255
1546.6561968288352,1546.78469007532
1546.6566968288353,1546.785216140304
1546.6571968288354,1546.7857422790169
1546.6576968288355,1546.7862684918996
1546.6581968288356,1546.786794779392
1546.6586968288357,1546.7873211419342
1546.6591968288358,1546.7878475799657
1546.6596968288359,1546.7883740939274
1546.660196828836,1546.788900684259
1546.660696828836,1546.7894273514007
1546.6611968288362,1546.7899540957926
1546.6616968288363,1546.7904809178744
1546.6621968288364,1546.7910078180867
1546.6626968288365,1546.7915347968694
1546.6631968288366,1546.7920618546625
1546.6636968288367,1546.7925889919063
1546.6641968288368,1546.7931162090404
1546.664696828837,1546.7936435065048
1546.665196828837,1546.7941708847409
1546.665696828837,1546.7946983441868
1546.6661968288372,1546.7952258852845
1546.6666968288373,1546.795753508473
1546.6671968288374,1546.7962812141925
1546.6676968288375,1546.796809002883
1546.6681968288376,1546.7973368749851
1546.6686968288377,1546.7978648309384
1546.6691968288378,1546.7983928711826
1546.669696828838,1546.7989209961588
1546.670196828838,1546.7994492063067
1546.6706968288381,1546.7999775020667
1546.6711968288382,1546.8005058838771
1546.6716968288383,1546.8010343521805
1546.6721968288384,1546.8015629074152
1546.6726968288385,1546.802091550022
1546.6731968288386,1546.8026202804413
1546.6736968288387,1546.8031490991125
1546.6741968288388,1546.8036780064758
1546.674696828839,1546.8042070029715
1546.675196828839,1546.8047360890396
1546.6756968288391,1546.80526526512
1546.6761968288392,1546.8057945316532
1546.6766968288393,1546.8063238890788
1546.6771968288394,1546.8068533378373
1546.6776968288395,1546.8073828783688
1546.6781968288396,1546.807912511113
1546.6786968288397,1546.80844223651
1546.6791968288398,1546.8089720550004
1546.67969682884,1546.8095019670234
1546.68019682884,1546.8100319730202
1546.6806968288402,1546.81056207343
1546.6811968288403,1546.8110922686935
1546.6816968288404,1546.8116225592498
1546.6821968288405,1546.8121529455404
1546.6826968288406,1546.8126834280044
1546.6831968288407,1546.8132140070816
1546.6836968288408,1546.813744683213
1546.6841968288409,1546.8142754568385
1546.684696828841,1546.8148063283975
1546.685196828841,1546.8153372983306
1546.6856968288412,1546.815868367078
1546.6861968288413,1546.8163995350797
1546.6866968288414,1546.8169308027755
1546.6871968288415,1546.8174621706057
1546.6876968288416,1546.8179936390102
1546.6881968288417,1546.8185252084293
1546.6886968288418,1546.8190568793034
1546.689196828842,1546.8195886520714
1546.689696828842,1546.8201205271748
1546.690196828842,1546.8206525050527
1546.6906968288422,1546.8211845861458
1546.6911968288423,1546.8217167708935
1546.6916968288424,1546.822249059737
1546.6921968288425,1546.822781453115
1546.6926968288426,1546.8233139514687
1546.6931968288427,1546.8238465552374
1546.6936968288428,1546.8243792648616
1546.694196828843,1546.8249120807818
1546.694696828843,1546.825445003437
1546.695196828843,1546.8259780332683
1546.6956968288432,1546.8265111707149
1546.6961968288433,1546.8270444162176
1546.6966968288434,1546.827577770216
1546.6971968288435,1546.8281112331504
1546.6976968288436,1546.828644805461
1546.6981968288437,1546.8291784875878
1546.6986968288438,1546.8297122799709
1546.699196828844,1546.8302461830501
1546.699696828844,1546.830780197266
1546.7001968288441,1546.8313143230585
1546.7006968288442,1546.831848560867
1546.7011968288443,1546.8323829111325
1546.7016968288444,1546.8329173742945
1546.7021968288445,1546.8334519507935
1546.7026968288446,1546.8339866410697
1546.7031968288447,1546.8345214455624
1546.7036968288448,1546.8350563647123
1546.704196828845,1546.8355913989592
1546.704696828845,1546.8361265487436
1546.7051968288451,1546.836661814505
1546.7056968288452,1546.8371971966842
1546.7061968288453,1546.8377326957202
1546.7066968288455,1546.838268312054
1546.7071968288456,1546.8388040461257
1546.7076968288457,1546.8393398983753
1546.7081968288458,1546.8398758692422
1546.7086968288459,1546.840411959167
1546.709196828846,1546.8409481685903
1546.709696828846,1546.8414844979511
1546.7101968288462,1546.8420209476901
1546.7106968288463,1546.8425575182473
1546.7111968288464,1546.8430942100626
1546.7116968288465,1546.843631023577
1546.7121968288466,1546.8441679592293
1546.7126968288467,1546.84470501746
1546.7131968288468,1546.8452421987095
1546.7136968288469,1546.8457795034176
1546.714196828847,1546.8463169320248
1546.714696828847,1546.8468544849707
1546.7151968288472,1546.8473921626949
1546.7156968288473,1546.847929965639
1546.7161968288474,1546.8484678942418
1546.7166968288475,1546.8490059489436
1546.7171968288476,1546.8495441301852
1546.7176968288477,1546.850082438406
1546.7181968288478,1546.850620874046
1546.718696828848,1546.8511594375457
1546.719196828848,1546.8516981293446
1546.719696828848,1546.8522369498837
1546.7201968288482,1546.852775899602
1546.7206968288483,1546.8533149789405
1546.7211968288484,1546.8538541883388
1546.7216968288485,1546.8543935282369
1546.7221968288486,1546.8549329990756
1546.7226968288487,1546.8554726012942
1546.7231968288488,1546.856012335333
1546.723696828849,1546.856552201632
1546.724196828849,1546.8570922006315
1546.7246968288491,1546.8576323327716
1546.7251968288492,1546.8581725984923
1546.7256968288493,1546.8587129982336
1546.7261968288494,1546.8592535324356
1546.7266968288495,1546.8597942015385
1546.7271968288496,1546.8603350059823
1546.7276968288497,1546.8608759462068
1546.7281968288498,1546.8614170226526
1546.72869682885,1546.8619582357592
1546.72919682885,1546.8624995859675
1546.7296968288501,1546.863041073717
1546.7301968288502,1546.8635826994478
1546.7306968288503,1546.8641244636
1546.7311968288504,1546.8646663666136
1546.7316968288505,1546.8652084089294
1546.7321968288506,1546.8657505909864
1546.7326968288507,1546.8662929132254
1546.7331968288509,1546.8668353760863
1546.733696828851,1546.867377980009
1546.734196828851,1546.8679207254338
1546.7346968288512,1546.8684636128007
1546.7351968288513,1546.8690066425497
1546.7356968288514,1546.8695498151214
1546.7361968288515,1546.870093130955
1546.7366968288516,1546.8706365904914
1546.7371968288517,1546.8711801941704
1546.7376968288518,1546.8717239424318
1546.7381968288519,1546.8722678357158
1546.738696828852,1546.8728118744625
1546.739196828852,1546.8733560591122
1546.7396968288522,1546.873900390105
1546.7401968288523,1546.8744448678806
1546.7406968288524,1546.8749894928794
1546.7411968288525,1546.8755342655413
1546.7416968288526,1546.8760791863067
1546.7421968288527,1546.876624255615
1546.7426968288528,1546.877169473907
1546.743196828853,1546.8777148416225
1546.743696828853,1546.8782603592017
1546.744196828853,1546.8788060270845
1546.7446968288532,1546.879351845711
1546.7451968288533,1546.8798978155214
1546.7456968288534,1546.8804439369555
1546.7461968288535,1546.8809902104542
1546.7466968288536,1546.8815366364568
1546.7471968288537,1546.8820832154033
1546.7476968288538,1546.882629947734
1546.748196828854,1546.8831768338891
1546.748696828854,1546.8837238743085
1546.749196828854,1546.8842710694323
1546.7496968288542,1546.8848184197013
1546.7501968288543,1546.8853659255544
1546.7506968288544,1546.8859135874322
1546.7511968288545,1546.8864614057752
1546.7516968288546,1546.8870093810228
1546.7521968288547,1546.8875575136153
1546.7526968288548,1546.8881058039933
1546.753196828855,1546.888654252596
1546.753696828855,1546.8892028598646
1546.7541968288551,1546.8897516262377
1546.7546968288552,1546.8903005521565
1546.7551968288553,1546.890849638061
1546.7556968288554,1546.8913988843906
1546.7561968288555,1546.8919482915862
1546.7566968288556,1546.8924978600871
1546.7571968288557,1546.8930475903344
1546.7576968288558,1546.893597482767
1546.758196828856,1546.894147537826
1546.758696828856,1546.8946977559508
1546.7591968288561,1546.895248137582
1546.7596968288562,1546.8957986831592
1546.7601968288564,1546.8963493931228
1546.7606968288565,1546.8969002679128
1546.7611968288566,1546.8974513079688
1546.7616968288567,1546.8980025137316
1546.7621968288568,1546.8985538856411
1546.7626968288569,1546.8991054241374
1546.763196828857,1546.8996571296607
1546.763696828857,1546.9002090026502
1546.7641968288572,1546.9007610435467
1546.7646968288573,1546.9013132527905
1546.7651968288574,1546.9018656308217
1546.7656968288575,1546.9024181780796
1546.7661968288576,1546.9029708950047
1546.7666968288577,1546.9035237820372
1546.7671968288578,1546.9040768396176
1546.7676968288579,1546.9046300681853
1546.768196828858,1546.9051834681804
1546.768696828858,1546.9057370400435
1546.7691968288582,1546.906290784214
1546.7696968288583,1546.9068447011323
1546.7701968288584,1546.9073987912388
1546.7706968288585,1546.9079530549732
1546.7711968288586,1546.908507492776
1546.7716968288587,1546.9090621050866
1546.7721968288588,1546.9096168923456
1546.772696828859,1546.9101718549928
1546.773196828859,1546.9107269934684
1546.773696828859,1546.9112823082123
1546.7741968288592,1546.9118377996654
1546.7746968288593,1546.912393468267
1546.7751968288594,1546.9129493144567
1546.7756968288595,1546.9135053386758
1546.7761968288596,1546.9140615413635
1546.7766968288597,1546.9146179229604
1546.7771968288598,1546.9151744839064
1546.77769682886,1546.9157312246416
1546.77819682886,1546.916288145606
1546.7786968288601,1546.9168452472395
1546.7791968288602,1546.9174025299826
1546.7796968288603,1546.917959994275
1546.7801968288604,1546.9185176405565
1546.7806968288605,1546.9190754692686
1546.7811968288606,1546.9196334808498
1546.7816968288607,1546.920191675741
1546.7821968288608,1546.920750054382
1546.782696828861,1546.9213086172133
1546.783196828861,1546.9218673646742
1546.7836968288611,1546.9224262972054
1546.7841968288612,1546.922985415247
1546.7846968288613,1546.9235447192386
1546.7851968288614,1546.9241042096205
1546.7856968288615,1546.9246638868333
1546.7861968288616,1546.9252237513165
1546.7866968288617,1546.92578380351
1546.7871968288619,1546.9263440438544
1546.787696828862,1546.9269044727898
1546.788196828862,1546.927465090756
1546.7886968288622,1546.9280258981928
1546.7891968288623,1546.9285868955408
1546.7896968288624,1546.9291480832399
1546.7901968288625,1546.92970946173
1546.7906968288626,1546.9302710314514
1546.7911968288627,1546.9308327928447
1546.7916968288628,1546.931394746349
1546.7921968288629,1546.931956892405
1546.792696828863,1546.9325192314525
1546.793196828863,1546.9330817639316
1546.7936968288632,1546.9336444902829
1546.7941968288633,1546.9342074109454
1546.7946968288634,1546.9347705263601
1546.7951968288635,1546.9353338369667
1546.7956968288636,1546.9358973432054
1546.7961968288637,1546.9364610455166
1546.7966968288638,1546.9370249443398
1546.797196828864,1546.9375890401152
1546.797696828864,1546.9381533332833
1546.798196828864,1546.9387178242837
1546.7986968288642,1546.939282513557
1546.7991968288643,1546.9398474015427
1546.7996968288644,1546.940412488681
1546.8001968288645,1546.9409777754122
1546.8006968288646,1546.9415432621765
1546.8011968288647,1546.9421089494135
1546.8016968288648,1546.942674837564
1546.802196828865,1546.9432409270676
1546.802696828865,1546.9438072183639
1546.803196828865,1546.9443737118936
1546.8036968288652,1546.9449404080972
1546.8041968288653,1546.945507307414
1546.8046968288654,1546.9460744102844
1546.8051968288655,1546.9466417171484
1546.8056968288656,1546.9472092284461
1546.8061968288657,1546.9477769446178
1546.8066968288658,1546.9483448661035
1546.807196828866,1546.9489129933424
1546.807696828866,1546.9494813267759
1546.8081968288661,1546.9500498668435
1546.8086968288662,1546.9506186139856
1546.8091968288663,1546.9511875686417
1546.8096968288664,1546.951756731252
1546.8101968288665,1546.9523261022568
1546.8106968288666,1546.9528956820966
1546.8111968288667,1546.9534654712106
1546.8116968288668,1546.9540354700393
1546.812196828867,1546.9546056790227
1546.812696828867,1546.9551760986014
1546.8131968288671,1546.9557467292145
1546.8136968288673,1546.9563175713033
1546.8141968288674,1546.9568886253069
1546.8146968288675,1546.9574598916652
1546.8151968288676,1546.9580313708193
1546.8156968288677,1546.9586030632088
1546.8161968288678,1546.9591749692736
1546.8166968288679,1546.9597470894537
1546.817196828868,1546.96031942419
1546.817696828868,1546.9608919739214
1546.8181968288682,1546.9614647390888
1546.8186968288683,1546.9620377201318
1546.8191968288684,1546.9626109174915
1546.8196968288685,1546.963184331606
1546.8201968288686,1546.9637579629177
1546.8206968288687,1546.9643318118653
1546.8211968288688,1546.9649058788887
1546.8216968288689,1546.9654801644288
1546.822196828869,1546.966054668925
1546.822696828869,1546.966629392818
1546.8231968288692,1546.9672043365476
1546.8236968288693,1546.967779500554
1546.8241968288694,1546.9683548852768
1546.8246968288695,1546.9689304911567
1546.8251968288696,1546.9695063186332
1546.8256968288697,1546.970082368147
1546.8261968288698,1546.9706586401376
1546.82669682887,1546.9712351350454
1546.82719682887,1546.9718118533108
1546.82769682887,1546.972388795373
1546.8281968288702,1546.9729659616728
1546.8286968288703,1546.9735433526505
1546.8291968288704,1546.9741209687452
1546.8296968288705,1546.974698810398
1546.8301968288706,1546.9752768780481
1546.8306968288707,1546.975855172136
1546.8311968288708,1546.976433693102
1546.831696828871,1546.9770124413858
1546.832196828871,1546.977591417428
1546.8326968288711,1546.9781706216681
1546.8331968288712,1546.9787500545465
1546.8336968288713,1546.979329716503
1546.8341968288714,1546.9799096079782
1546.8346968288715,1546.9804897294116
1546.8351968288716,1546.9810700812432
1546.8356968288717,1546.9816506639143
1546.8361968288718,1546.9822314778635
1546.836696828872,1546.9828125235317
1546.837196828872,1546.9833938013587
1546.8376968288721,1546.9839753117847
1546.8381968288722,1546.98455705525
1546.8386968288723,1546.985139032194
1546.8391968288724,1546.9857212430572
1546.8396968288725,1546.9863036882796
1546.8401968288726,1546.9868863683018
1546.8406968288728,1546.987469283563
1546.8411968288729,1546.9880524345037
1546.841696828873,1546.9886358215647
1546.842196828873,1546.9892194451847
1546.8426968288732,1546.9898033058048
1546.8431968288733,1546.9903874038644
1546.8436968288734,1546.9909717398045
1546.8441968288735,1546.9915563140642
1546.8446968288736,1546.9921411270836
1546.8451968288737,1546.9927261793039
1546.8456968288738,1546.9933114711641
1546.8461968288739,1546.9938970031048
1546.846696828874,1546.994482775566
1546.847196828874,1546.9950687889877
1546.8476968288742,1546.9956550438096
1546.8481968288743,1546.9962415404727
1546.8486968288744,1546.9968282794161
1546.8491968288745,1546.9974152610803
1546.8496968288746,1546.998002485906
1546.8501968288747,1546.9985899543321
1546.8506968288748,1546.9991776667996
1546.851196828875,1546.999765623748
1546.851696828875,1547.000353825618
1546.852196828875,1547.0009422728492
1546.8526968288752,1547.0015309658816
1546.8531968288753,1547.0021199051557
1546.8536968288754,1547.002709091111
1546.8541968288755,1547.0032985241885
1546.8546968288756,1547.0038882048273
1546.8551968288757,1547.004478133468
